Geschlecht;männlich;;;;;;;;;;;;;;;;;;;;;;;;;;;;;;;;;;;;;;;;;;;;;;;;;;;;;;;;;;;;;;;;;;;;;;;;;;;;;;;;;;;;;;;;;;;;;;;;;;;;;weiblich;;;;;;;;;;;;;;;;;;;;;;;;;;;;;;;;;;;;;;;;;;;;;;;;;;;;;;;;;;;;;;;;;;;;;;;;;;;;;;;;;;;;;;;;;;;;;;;;;;;;;Gesamt;;;;;;;;;;;;;;;;;;;;;;;;;;;;;;;;;;;;;;;;;;;;;;;;;;;;;;;;;;;;;;;;;;;;;;;;;;;;;;;;;;;;;;;;;;;;;;;;;;;;
Alter der Person;00 bis unter 01;01 bis unter 02;02 bis unter 03;03 bis unter 04;04 bis unter 05;05 bis unter 06;06 bis unter 07;07 bis unter 08;08 bis unter 09;09 bis unter 10;10 bis unter 11;11 bis unter 12;12 bis unter 13;13 bis unter 14;14 bis unter 15;15 bis unter 16;16 bis unter 17;17 bis unter 18;18 bis unter 19;19 bis unter 20;20 bis unter 21;21 bis unter 22;22 bis unter 23;23 bis unter 24;24 bis unter 25;25 bis unter 26;26 bis unter 27;27 bis unter 28;28 bis unter 29;29 bis unter 30;30 bis unter 31;31 bis unter 32;32 bis unter 33;33 bis unter 34;34 bis unter 35;35 bis unter 36;36 bis unter 37;37 bis unter 38;38 bis unter 39;39 bis unter 40;40 bis unter 41;41 bis unter 42;42 bis unter 43;43 bis unter 44;44 bis unter 45;45 bis unter 46;46 bis unter 47;47 bis unter 48;48 bis unter 49;49 bis unter 50;50 bis unter 51;51 bis unter 52;52 bis unter 53;53 bis unter 54;54 bis unter 55;55 bis unter 56;56 bis unter 57;57 bis unter 58;58 bis unter 59;59 bis unter 60;60 bis unter 61;61 bis unter 62;62 bis unter 63;63 bis unter 64;64 bis unter 65;65 bis unter 66;66 bis unter 67;67 bis unter 68;68 bis unter 69;69 bis unter 70;70 bis unter 71;71 bis unter 72;72 bis unter 73;73 bis unter 74;74 bis unter 75;75 bis unter 76;76 bis unter 77;77 bis unter 78;78 bis unter 79;79 bis unter 80;80 bis unter 81;81 bis unter 82;82 bis unter 83;83 bis unter 84;84 bis unter 85;85 bis unter 86;86 bis unter 87;87 bis unter 88;88 bis unter 89;89 bis unter 90;90 bis unter 91;91 bis unter 92;92 bis unter 93;93 bis unter 94;94 bis unter 95;95 bis unter 96;96 bis unter 97;97 bis unter 98;98 bis unter 99;99 u. älter;Summe;00 bis unter 01;01 bis unter 02;02 bis unter 03;03 bis unter 04;04 bis unter 05;05 bis unter 06;06 bis unter 07;07 bis unter 08;08 bis unter 09;09 bis unter 10;10 bis unter 11;11 bis unter 12;12 bis unter 13;13 bis unter 14;14 bis unter 15;15 bis unter 16;16 bis unter 17;17 bis unter 18;18 bis unter 19;19 bis unter 20;20 bis unter 21;21 bis unter 22;22 bis unter 23;23 bis unter 24;24 bis unter 25;25 bis unter 26;26 bis unter 27;27 bis unter 28;28 bis unter 29;29 bis unter 30;30 bis unter 31;31 bis unter 32;32 bis unter 33;33 bis unter 34;34 bis unter 35;35 bis unter 36;36 bis unter 37;37 bis unter 38;38 bis unter 39;39 bis unter 40;40 bis unter 41;41 bis unter 42;42 bis unter 43;43 bis unter 44;44 bis unter 45;45 bis unter 46;46 bis unter 47;47 bis unter 48;48 bis unter 49;49 bis unter 50;50 bis unter 51;51 bis unter 52;52 bis unter 53;53 bis unter 54;54 bis unter 55;55 bis unter 56;56 bis unter 57;57 bis unter 58;58 bis unter 59;59 bis unter 60;60 bis unter 61;61 bis unter 62;62 bis unter 63;63 bis unter 64;64 bis unter 65;65 bis unter 66;66 bis unter 67;67 bis unter 68;68 bis unter 69;69 bis unter 70;70 bis unter 71;71 bis unter 72;72 bis unter 73;73 bis unter 74;74 bis unter 75;75 bis unter 76;76 bis unter 77;77 bis unter 78;78 bis unter 79;79 bis unter 80;80 bis unter 81;81 bis unter 82;82 bis unter 83;83 bis unter 84;84 bis unter 85;85 bis unter 86;86 bis unter 87;87 bis unter 88;88 bis unter 89;89 bis unter 90;90 bis unter 91;91 bis unter 92;92 bis unter 93;93 bis unter 94;94 bis unter 95;95 bis unter 96;96 bis unter 97;97 bis unter 98;98 bis unter 99;99 u. älter;Summe;00 bis unter 01;01 bis unter 02;02 bis unter 03;03 bis unter 04;04 bis unter 05;05 bis unter 06;06 bis unter 07;07 bis unter 08;08 bis unter 09;09 bis unter 10;10 bis unter 11;11 bis unter 12;12 bis unter 13;13 bis unter 14;14 bis unter 15;15 bis unter 16;16 bis unter 17;17 bis unter 18;18 bis unter 19;19 bis unter 20;20 bis unter 21;21 bis unter 22;22 bis unter 23;23 bis unter 24;24 bis unter 25;25 bis unter 26;26 bis unter 27;27 bis unter 28;28 bis unter 29;29 bis unter 30;30 bis unter 31;31 bis unter 32;32 bis unter 33;33 bis unter 34;34 bis unter 35;35 bis unter 36;36 bis unter 37;37 bis unter 38;38 bis unter 39;39 bis unter 40;40 bis unter 41;41 bis unter 42;42 bis unter 43;43 bis unter 44;44 bis unter 45;45 bis unter 46;46 bis unter 47;47 bis unter 48;48 bis unter 49;49 bis unter 50;50 bis unter 51;51 bis unter 52;52 bis unter 53;53 bis unter 54;54 bis unter 55;55 bis unter 56;56 bis unter 57;57 bis unter 58;58 bis unter 59;59 bis unter 60;60 bis unter 61;61 bis unter 62;62 bis unter 63;63 bis unter 64;64 bis unter 65;65 bis unter 66;66 bis unter 67;67 bis unter 68;68 bis unter 69;69 bis unter 70;70 bis unter 71;71 bis unter 72;72 bis unter 73;73 bis unter 74;74 bis unter 75;75 bis unter 76;76 bis unter 77;77 bis unter 78;78 bis unter 79;79 bis unter 80;80 bis unter 81;81 bis unter 82;82 bis unter 83;83 bis unter 84;84 bis unter 85;85 bis unter 86;86 bis unter 87;87 bis unter 88;88 bis unter 89;89 bis unter 90;90 bis unter 91;91 bis unter 92;92 bis unter 93;93 bis unter 94;94 bis unter 95;95 bis unter 96;96 bis unter 97;97 bis unter 98;98 bis unter 99;99 u. älter;Gesamt
Stadtviertel;;;;;;;;;;;;;;;;;;;;;;;;;;;;;;;;;;;;;;;;;;;;;;;;;;;;;;;;;;;;;;;;;;;;;;;;;;;;;;;;;;;;;;;;;;;;;;;;;;;;;;;;;;;;;;;;;;;;;;;;;;;;;;;;;;;;;;;;;;;;;;;;;;;;;;;;;;;;;;;;;;;;;;;;;;;;;;;;;;;;;;;;;;;;;;;;;;;;;;;;;;;;;;;;;;;;;;;;;;;;;;;;;;;;;;;;;;;;;;;;;;;;;;;;;;;;;;;;;;;;;;;;;;;;;;;;;;;;;;;;;;;;;;;;;;;;;;;;;;;;;;;
Altstadt;35;38;36;21;29;13;23;28;17;22;21;25;19;15;15;26;27;21;22;29;45;42;57;63;92;97;109;114;117;117;126;108;125;105;98;96;80;78;62;65;45;64;48;47;48;51;57;36;53;41;39;52;45;59;47;52;51;58;47;45;46;29;38;32;29;34;29;32;31;29;34;26;25;25;21;26;21;29;18;23;21;24;21;22;14;24;10;9;6;5;7;0;1;1;4;1;0;0;0;1;4011;25;27;31;28;27;23;19;21;11;18;18;22;24;22;23;12;20;17;24;25;61;62;94;89;103;112;95;117;122;99;120;96;108;86;90;59;63;68;43;56;55;54;64;46;45;49;37;35;47;43;39;39;42;39;51;55;44;50;52;43;49;40;42;39;29;38;33;39;30;30;38;27;36;29;35;29;35;37;26;32;27;23;30;30;27;25;24;16;20;11;10;7;7;5;4;5;7;2;0;3;4085;60;65;67;49;56;36;42;49;28;40;39;47;43;37;38;38;47;38;46;54;106;104;151;152;195;209;204;231;239;216;246;204;233;191;188;155;143;146;105;121;100;118;112;93;93;100;94;71;100;84;78;91;87;98;98;107;95;108;99;88;95;69;80;71;58;72;62;71;61;59;72;53;61;54;56;55;56;66;44;55;48;47;51;52;41;49;34;25;26;16;17;7;8;6;8;6;7;2;0;4;8096
Neustadt;19;24;16;15;14;12;12;17;12;21;14;14;15;12;9;17;19;18;21;15;23;39;46;47;68;48;45;71;59;58;48;50;43;49;45;39;38;38;39;36;26;28;24;23;33;23;19;23;30;18;14;20;21;25;25;24;21;25;30;22;27;22;22;17;15;15;15;9;14;11;11;10;12;12;12;7;8;10;4;7;6;11;8;7;10;7;10;13;7;7;5;3;3;1;2;3;2;3;0;1;2088;17;15;11;20;15;9;12;10;16;11;16;12;9;14;17;11;9;15;17;20;31;37;47;33;64;53;56;50;55;51;41;41;28;45;30;28;30;38;29;18;25;32;17;19;26;21;25;22;22;15;22;17;15;19;22;22;26;21;17;19;24;31;22;17;18;9;20;12;15;12;18;16;14;10;13;20;22;11;12;13;16;8;28;18;34;20;29;15;23;19;12;14;7;5;13;8;8;4;1;3;2119;36;39;27;35;29;21;24;27;28;32;30;26;24;26;26;28;28;33;38;35;54;76;93;80;132;101;101;121;114;109;89;91;71;94;75;67;68;76;68;54;51;60;41;42;59;44;44;45;52;33;36;37;36;44;47;46;47;46;47;41;51;53;44;34;33;24;35;21;29;23;29;26;26;22;25;27;30;21;16;20;22;19;36;25;44;27;39;28;30;26;17;17;10;6;15;11;10;7;1;4;4207
Karlstraße;3;1;10;4;6;7;4;4;2;3;6;4;5;6;7;4;3;3;6;7;10;11;13;17;25;15;19;18;26;17;19;18;16;26;16;5;14;11;7;9;9;12;10;10;7;6;3;6;10;7;5;4;2;11;7;7;6;4;10;6;8;11;3;7;3;3;1;4;4;3;5;5;1;5;2;1;0;2;2;1;2;1;1;1;0;0;0;0;0;0;1;1;0;0;0;0;0;0;0;0;627;9;2;6;5;2;2;5;2;5;5;3;4;6;2;6;5;6;3;8;2;15;26;30;20;24;27;23;27;16;22;12;4;13;13;9;8;9;4;10;11;8;2;4;5;6;5;6;6;2;5;5;6;6;2;5;4;5;8;4;5;2;3;2;5;4;4;4;4;9;7;6;4;0;1;5;3;1;3;1;0;0;1;1;1;0;0;0;0;2;0;1;0;0;0;0;0;1;0;0;0;585;12;3;16;9;8;9;9;6;7;8;9;8;11;8;13;9;9;6;14;9;25;37;43;37;49;42;42;45;42;39;31;22;29;39;25;13;23;15;17;20;17;14;14;15;13;11;9;12;12;12;10;10;8;13;12;11;11;12;14;11;10;14;5;12;7;7;5;8;13;10;11;9;1;6;7;4;1;5;3;1;2;2;2;2;0;0;0;0;2;0;2;1;0;0;0;0;1;0;0;0;1212
Michelsberg;10;10;11;11;7;10;9;9;9;15;7;12;10;8;3;7;5;10;4;13;12;11;13;20;12;18;10;15;13;14;19;27;23;12;17;21;20;15;13;6;11;11;9;15;13;10;11;14;12;17;15;12;15;14;9;18;9;16;12;11;20;9;8;9;13;10;9;10;3;4;6;13;11;8;9;8;3;8;4;5;3;7;4;7;8;10;2;2;3;6;0;2;1;2;0;0;1;0;0;0;973;13;6;13;10;7;7;3;11;7;6;11;12;5;16;5;4;3;9;7;9;9;12;17;20;20;19;19;22;15;17;10;17;16;17;15;16;14;12;11;8;12;10;18;19;16;10;18;15;11;12;8;7;6;12;11;15;10;14;13;10;16;11;8;14;13;8;8;6;11;8;18;6;8;8;8;9;8;6;3;8;10;14;12;4;9;7;9;7;6;4;6;1;2;1;1;4;3;0;1;0;1003;23;16;24;21;14;17;12;20;16;21;18;24;15;24;8;11;8;19;11;22;21;23;30;40;32;37;29;37;28;31;29;44;39;29;32;37;34;27;24;14;23;21;27;34;29;20;29;29;23;29;23;19;21;26;20;33;19;30;25;21;36;20;16;23;26;18;17;16;14;12;24;19;19;16;17;17;11;14;7;13;13;21;16;11;17;17;11;9;9;10;6;3;3;3;1;4;4;0;1;0;1976
Gaisenberg;3;4;2;9;3;4;1;7;0;2;2;2;0;2;0;3;3;4;1;3;6;6;9;11;6;14;6;7;8;10;7;6;6;10;7;7;11;8;4;2;5;4;6;5;1;4;2;2;6;8;2;10;3;1;1;2;4;2;2;2;2;1;2;3;1;2;1;1;2;0;2;1;2;2;1;0;0;1;0;1;1;2;0;0;3;0;0;0;0;0;0;0;0;0;0;0;0;0;0;0;309;0;6;5;3;4;2;1;1;2;3;1;4;2;2;3;4;3;4;5;10;12;12;16;16;14;17;12;9;13;8;6;8;5;9;10;7;10;5;5;5;5;6;6;3;5;4;3;1;1;1;5;3;1;2;1;3;1;4;5;4;1;1;4;2;2;1;4;1;0;2;3;1;1;0;1;0;0;0;0;0;0;0;1;1;2;1;0;1;0;0;0;0;0;1;0;0;0;0;0;0;359;3;10;7;12;7;6;2;8;2;5;3;6;2;4;3;7;6;8;6;13;18;18;25;27;20;31;18;16;21;18;13;14;11;19;17;14;21;13;9;7;10;10;12;8;6;8;5;3;7;9;7;13;4;3;2;5;5;6;7;6;3;2;6;5;3;3;5;2;2;2;5;2;3;2;2;0;0;1;0;1;1;2;1;1;5;1;0;1;0;0;0;0;0;1;0;0;0;0;0;0;668
Wilhelmsburg;0;0;0;0;0;0;0;0;0;0;0;0;0;0;1;0;0;0;0;0;0;0;0;0;0;0;1;0;0;0;0;1;0;0;0;2;0;0;0;0;0;1;1;1;0;0;1;0;0;0;0;0;1;0;0;0;0;1;0;0;0;1;0;0;0;1;0;0;2;0;0;1;0;0;0;0;0;0;0;0;0;0;1;0;0;0;0;0;0;0;0;0;0;0;0;0;0;0;0;0;17;0;0;0;0;0;0;0;0;0;0;0;0;1;0;0;1;0;0;0;0;0;0;1;0;0;0;0;0;0;0;1;1;1;1;0;0;0;0;1;0;0;0;0;0;0;0;1;0;0;0;0;0;0;0;1;0;1;1;1;0;0;0;0;1;0;0;0;0;0;0;0;0;0;0;1;0;1;0;1;0;0;0;0;0;0;0;0;0;0;0;0;0;0;0;0;0;0;0;0;0;17;0;0;0;0;0;0;0;0;0;0;0;0;1;0;1;1;0;0;0;0;0;0;1;0;0;0;1;0;0;0;1;2;1;1;0;2;0;0;1;0;0;1;1;1;0;0;2;0;0;0;0;0;1;0;1;0;1;2;1;0;0;1;0;1;0;1;0;0;2;0;0;1;0;0;1;0;1;0;1;0;0;0;1;0;0;0;0;0;0;0;0;0;0;0;0;0;0;0;0;0;34
Wielandstraße;17;25;32;16;17;22;13;19;21;19;15;23;16;17;19;22;25;21;21;33;42;41;59;59;63;56;60;61;51;51;49;63;66;55;50;52;44;41;31;31;28;30;31;27;28;32;27;28;22;32;37;37;30;29;35;28;41;28;30;20;19;34;38;20;24;25;18;16;17;18;16;12;15;11;15;15;14;7;7;12;12;9;19;13;11;8;6;6;8;7;3;4;1;1;3;1;0;0;0;0;2503;22;20;11;16;11;12;15;16;12;12;14;18;18;23;16;9;19;13;26;39;44;57;42;82;65;62;48;51;55;58;46;56;49;46;23;32;38;27;39;27;35;25;29;24;30;29;30;24;33;29;31;35;32;30;38;29;34;33;26;30;17;23;25;30;26;28;20;17;25;32;17;20;20;14;25;25;16;18;13;22;17;16;18;20;13;14;15;12;9;9;9;6;6;3;4;2;0;1;1;0;2503;39;45;43;32;28;34;28;35;33;31;29;41;34;40;35;31;44;34;47;72;86;98;101;141;128;118;108;112;106;109;95;119;115;101;73;84;82;68;70;58;63;55;60;51;58;61;57;52;55;61;68;72;62;59;73;57;75;61;56;50;36;57;63;50;50;53;38;33;42;50;33;32;35;25;40;40;30;25;20;34;29;25;37;33;24;22;21;18;17;16;12;10;7;4;7;3;0;1;1;0;5006
Friedrichsau;0;2;1;2;5;2;3;4;4;4;6;2;5;6;6;4;4;4;6;2;1;2;0;2;1;1;0;1;0;0;0;3;0;0;2;4;1;5;1;1;3;1;3;2;2;1;0;2;1;1;2;0;2;0;1;1;2;2;0;1;0;1;0;0;1;0;1;0;0;2;2;1;1;0;0;1;0;1;0;0;0;0;1;0;0;0;0;0;0;0;1;0;0;0;0;0;0;0;0;0;137;3;1;3;0;4;6;3;1;6;5;5;5;3;4;4;4;5;1;4;4;2;2;0;1;0;4;2;1;3;1;5;1;4;5;6;3;2;3;3;7;7;2;4;8;3;7;4;2;0;5;0;3;7;3;4;0;3;3;1;2;1;4;2;4;0;4;2;4;1;2;1;3;2;3;2;2;1;0;0;0;0;0;1;0;0;1;0;0;1;0;0;0;0;0;0;0;0;0;0;0;235;3;3;4;2;9;8;6;5;10;9;11;7;8;10;10;8;9;5;10;6;3;4;0;3;1;5;2;2;3;1;5;4;4;5;8;7;3;8;4;8;10;3;7;10;5;8;4;4;1;6;2;3;9;3;5;1;5;5;1;3;1;5;2;4;1;4;3;4;1;4;3;4;3;3;2;3;1;1;0;0;0;0;2;0;0;1;0;0;1;0;1;0;0;0;0;0;0;0;0;0;372
Safranberg;13;14;13;10;6;16;12;6;8;13;4;16;10;11;11;10;7;10;16;12;21;26;15;30;32;43;39;39;28;38;31;30;25;33;24;22;18;20;20;20;12;13;13;15;16;12;10;13;10;12;9;11;13;15;17;12;11;19;10;15;24;14;18;12;13;7;11;9;6;5;10;8;7;7;7;4;5;13;4;4;8;8;9;2;6;1;4;4;0;4;1;1;1;1;3;0;0;1;0;0;1272;7;9;8;8;9;15;7;15;10;7;4;8;2;9;6;12;7;9;14;18;20;12;22;26;31;31;29;22;20;27;23;25;16;27;18;17;14;14;12;18;17;16;10;20;10;9;13;9;13;9;14;19;10;11;13;15;17;16;16;13;11;13;12;10;11;15;8;14;9;8;13;6;9;5;10;8;7;4;2;10;6;6;8;7;7;5;8;5;5;2;1;1;2;1;1;1;0;0;1;1;1131;20;23;21;18;15;31;19;21;18;20;8;24;12;20;17;22;14;19;30;30;41;38;37;56;63;74;68;61;48;65;54;55;41;60;42;39;32;34;32;38;29;29;23;35;26;21;23;22;23;21;23;30;23;26;30;27;28;35;26;28;35;27;30;22;24;22;19;23;15;13;23;14;16;12;17;12;12;17;6;14;14;14;17;9;13;6;12;9;5;6;2;2;3;2;4;1;0;1;1;1;2403
Eberhardtstraße;3;3;6;5;5;3;4;6;2;2;3;6;2;1;3;0;1;4;1;4;5;6;4;5;5;2;8;7;8;7;8;9;13;10;8;4;11;5;8;8;6;5;6;8;4;3;4;6;4;6;3;12;4;13;7;5;3;9;8;7;11;4;4;8;2;6;8;4;3;3;2;5;11;8;4;8;7;9;4;7;5;10;8;11;11;10;10;7;5;5;1;7;6;3;0;1;3;1;3;0;553;5;4;3;2;3;3;3;5;1;1;6;0;1;2;5;1;2;1;2;2;1;2;3;2;6;7;7;11;5;8;10;4;10;7;6;15;8;5;9;8;7;7;14;8;7;7;6;7;4;3;3;6;4;7;10;5;9;5;11;12;5;9;12;6;13;5;8;6;8;8;9;8;14;13;7;10;8;17;9;16;14;17;24;27;26;27;13;23;21;14;19;14;10;10;11;4;7;1;1;9;811;8;7;9;7;8;6;7;11;3;3;9;6;3;3;8;1;3;5;3;6;6;8;7;7;11;9;15;18;13;15;18;13;23;17;14;19;19;10;17;16;13;12;20;16;11;10;10;13;8;9;6;18;8;20;17;10;12;14;19;19;16;13;16;14;15;11;16;10;11;11;11;13;25;21;11;18;15;26;13;23;19;27;32;38;37;37;23;30;26;19;20;21;16;13;11;5;10;2;4;9;1364
Eichenplatz;15;9;18;16;14;15;11;13;16;15;12;12;15;12;19;10;14;15;15;17;15;17;8;11;17;26;24;13;15;23;20;18;19;21;31;18;21;13;20;17;11;13;14;27;16;15;17;23;13;23;12;12;16;15;17;16;13;25;15;13;13;13;13;14;6;18;9;5;13;3;7;8;4;9;12;5;8;9;1;4;7;3;3;3;5;5;3;5;3;2;2;1;1;1;0;1;1;1;0;0;1197;12;11;17;7;6;12;10;12;9;15;8;11;10;9;7;13;13;16;12;9;12;12;21;24;14;16;14;11;25;13;17;24;18;17;26;19;6;29;24;20;20;13;22;16;16;16;15;13;23;21;13;16;14;11;11;11;17;17;18;16;21;16;18;7;15;15;15;8;6;13;9;11;8;19;7;3;12;7;3;10;7;10;10;4;10;8;13;3;4;3;1;2;2;0;4;1;0;1;0;0;1206;27;20;35;23;20;27;21;25;25;30;20;23;25;21;26;23;27;31;27;26;27;29;29;35;31;42;38;24;40;36;37;42;37;38;57;37;27;42;44;37;31;26;36;43;32;31;32;36;36;44;25;28;30;26;28;27;30;42;33;29;34;29;31;21;21;33;24;13;19;16;16;19;12;28;19;8;20;16;4;14;14;13;13;7;15;13;16;8;7;5;3;3;3;1;4;2;1;2;0;0;2403
Braunland;5;3;2;4;4;5;6;4;3;3;2;8;4;3;5;5;4;3;4;8;4;2;5;3;4;12;6;5;6;8;9;4;3;5;1;4;6;11;3;4;4;3;7;4;3;2;7;4;5;5;6;8;9;10;9;7;11;5;8;3;8;8;8;8;3;7;10;3;4;10;4;2;8;0;1;4;5;4;1;2;1;1;1;3;7;5;5;5;2;1;1;1;1;1;0;1;1;0;0;0;447;5;2;6;3;3;3;6;1;2;5;3;2;3;3;5;6;6;3;8;4;6;1;4;4;7;5;5;4;6;7;4;6;4;8;7;5;8;3;5;7;9;4;3;5;6;4;2;5;10;11;7;6;7;6;3;14;6;3;10;9;5;5;2;8;6;8;10;5;5;4;4;3;5;6;4;6;3;3;4;1;3;6;9;5;5;6;4;9;2;4;1;5;2;5;1;1;0;0;0;1;481;10;5;8;7;7;8;12;5;5;8;5;10;7;6;10;11;10;6;12;12;10;3;9;7;11;17;11;9;12;15;13;10;7;13;8;9;14;14;8;11;13;7;10;9;9;6;9;9;15;16;13;14;16;16;12;21;17;8;18;12;13;13;10;16;9;15;20;8;9;14;8;5;13;6;5;10;8;7;5;3;4;7;10;8;12;11;9;14;4;5;2;6;3;6;1;2;1;0;0;1;928
Böfingen - Gewerbegebiet;0;0;0;0;1;0;0;0;1;1;2;0;2;0;1;2;2;3;2;3;1;1;0;0;2;1;0;1;0;1;0;1;0;0;1;1;2;0;1;1;1;1;2;3;0;1;0;1;0;0;0;1;2;0;1;0;0;1;1;0;1;0;0;2;0;0;2;0;2;0;0;0;1;0;0;0;1;0;1;0;0;0;1;0;0;0;1;0;0;0;0;1;0;0;0;0;0;0;0;0;62;0;0;0;0;0;0;0;1;0;0;0;1;1;0;0;1;1;1;0;1;0;2;0;0;0;1;0;0;0;0;0;0;0;0;2;0;0;1;3;1;2;2;5;2;1;2;1;3;3;0;0;1;3;0;1;0;1;0;0;1;3;0;2;0;0;1;0;1;3;0;1;1;0;1;0;0;0;0;1;0;3;0;0;0;0;1;0;0;0;0;0;0;0;0;0;0;0;0;0;0;63;0;0;0;0;1;0;0;1;1;1;2;1;3;0;1;3;3;4;2;4;1;3;0;0;2;2;0;1;0;1;0;1;0;0;3;1;2;1;4;2;3;3;7;5;1;3;1;4;3;0;0;2;5;0;2;0;1;1;1;1;4;0;2;2;0;1;2;1;5;0;1;1;1;1;0;0;1;0;2;0;3;0;1;0;0;1;1;0;0;0;0;1;0;0;0;0;0;0;0;0;125
Böfingen Süd;5;5;9;6;2;14;6;9;9;16;11;7;9;6;5;7;9;11;9;12;12;9;7;9;7;10;9;9;12;11;12;13;10;12;16;12;6;15;11;12;4;11;12;12;4;7;9;14;11;6;14;7;6;7;14;9;8;9;7;12;16;11;9;6;4;9;7;12;10;8;4;7;9;9;5;7;6;2;3;1;2;3;3;9;3;2;2;1;2;2;0;0;1;0;0;0;0;0;0;0;739;9;5;9;3;7;6;9;9;8;9;6;4;10;8;5;4;10;7;4;4;6;5;6;12;5;6;9;8;6;7;6;11;9;10;7;9;8;9;7;9;11;12;10;15;9;9;7;13;4;17;10;13;13;12;3;17;8;14;7;16;10;6;16;16;8;11;15;8;9;13;10;9;6;9;7;9;5;5;7;3;4;7;6;6;9;4;6;4;4;1;1;2;2;2;1;1;1;1;0;1;756;14;10;18;9;9;20;15;18;17;25;17;11;19;14;10;11;19;18;13;16;18;14;13;21;12;16;18;17;18;18;18;24;19;22;23;21;14;24;18;21;15;23;22;27;13;16;16;27;15;23;24;20;19;19;17;26;16;23;14;28;26;17;25;22;12;20;22;20;19;21;14;16;15;18;12;16;11;7;10;4;6;10;9;15;12;6;8;5;6;3;1;2;3;2;1;1;1;1;0;1;1495
Böfingen Mitte;4;7;7;9;8;6;12;4;6;6;8;9;10;7;10;7;6;7;3;1;10;9;5;9;4;8;11;12;8;10;7;6;11;8;9;13;6;13;7;9;10;5;15;7;6;2;5;8;11;6;13;4;11;7;8;11;4;11;13;19;10;12;10;17;15;8;9;6;11;4;4;13;7;11;7;1;7;5;3;4;9;8;2;9;7;5;1;6;2;6;3;4;3;2;0;0;2;0;0;0;721;2;8;7;4;9;3;12;5;4;8;6;10;4;6;4;6;3;7;5;9;4;5;8;6;8;3;4;3;5;9;3;8;6;7;7;5;11;10;3;3;13;15;3;8;7;12;7;5;9;6;4;5;10;7;11;15;9;12;6;11;10;7;15;9;14;9;10;13;10;7;4;11;5;11;11;13;6;11;5;12;6;7;9;15;9;7;9;17;8;9;9;8;6;5;4;0;0;2;0;0;738;6;15;14;13;17;9;24;9;10;14;14;19;14;13;14;13;9;14;8;10;14;14;13;15;12;11;15;15;13;19;10;14;17;15;16;18;17;23;10;12;23;20;18;15;13;14;12;13;20;12;17;9;21;14;19;26;13;23;19;30;20;19;25;26;29;17;19;19;21;11;8;24;12;22;18;14;13;16;8;16;15;15;11;24;16;12;10;23;10;15;12;12;9;7;4;0;2;2;0;0;1459
Böfingen Ost;12;11;13;15;14;14;7;14;14;9;10;6;5;6;7;14;11;12;14;10;17;7;10;14;10;9;13;9;12;16;15;11;11;12;13;9;7;13;17;18;15;13;11;13;14;8;19;14;4;11;12;8;14;12;13;8;10;17;5;15;7;15;10;14;11;13;11;13;5;7;13;10;8;4;7;4;11;11;2;11;8;6;9;13;4;4;8;5;4;0;1;2;2;0;1;0;0;0;0;0;951;8;6;14;13;16;12;11;10;12;16;12;11;9;8;11;12;7;6;10;10;7;9;12;3;11;12;10;9;8;12;16;17;16;9;15;15;15;12;13;7;13;14;15;10;17;9;10;11;15;9;18;7;8;9;11;14;8;17;11;18;17;16;17;15;14;12;16;8;8;14;13;8;9;10;11;11;11;6;5;8;10;13;6;13;9;10;10;10;3;6;5;1;2;3;1;4;1;0;0;1;1023;20;17;27;28;30;26;18;24;26;25;22;17;14;14;18;26;18;18;24;20;24;16;22;17;21;21;23;18;20;28;31;28;27;21;28;24;22;25;30;25;28;27;26;23;31;17;29;25;19;20;30;15;22;21;24;22;18;34;16;33;24;31;27;29;25;25;27;21;13;21;26;18;17;14;18;15;22;17;7;19;18;19;15;26;13;14;18;15;7;6;6;3;4;3;2;4;1;0;0;1;1974
Obertalfingen;8;5;9;8;3;11;8;10;14;6;8;14;15;17;12;5;11;12;11;9;11;9;10;11;8;8;9;6;14;8;5;13;4;10;9;15;9;3;11;3;15;13;12;7;11;7;7;8;11;9;12;10;9;13;22;10;13;21;11;5;11;15;16;18;12;10;8;11;14;2;7;10;5;8;5;10;3;2;4;2;4;1;3;3;4;1;1;1;0;1;0;1;0;0;0;1;0;0;0;0;792;7;8;8;8;5;6;6;5;7;5;9;10;9;7;7;9;5;5;8;9;6;7;5;14;10;12;10;7;8;15;10;10;8;12;8;9;10;8;8;7;11;11;10;9;11;12;17;9;11;14;11;18;9;10;9;21;11;5;15;20;12;10;12;17;13;14;10;5;11;15;5;11;3;6;8;3;8;2;4;8;1;1;2;5;2;2;2;3;1;0;0;1;0;0;2;0;0;0;0;0;770;15;13;17;16;8;17;14;15;21;11;17;24;24;24;19;14;16;17;19;18;17;16;15;25;18;20;19;13;22;23;15;23;12;22;17;24;19;11;19;10;26;24;22;16;22;19;24;17;22;23;23;28;18;23;31;31;24;26;26;25;23;25;28;35;25;24;18;16;25;17;12;21;8;14;13;13;11;4;8;10;5;2;5;8;6;3;3;4;1;1;0;2;0;0;2;1;0;0;0;0;1562
Böfingen Nord;18;15;15;14;17;20;19;24;15;18;15;22;17;17;16;12;19;10;6;13;5;9;7;8;13;12;13;13;20;10;20;28;16;31;24;27;25;22;24;19;30;18;9;19;16;20;20;28;15;20;11;9;15;7;13;16;10;8;10;16;6;14;7;11;8;9;12;12;15;12;11;12;12;12;12;9;10;2;4;11;9;9;4;6;10;3;2;2;5;2;2;1;1;0;0;0;1;1;0;0;1237;12;13;14;14;13;14;13;19;14;13;23;23;12;17;9;6;10;7;7;12;8;8;8;8;7;20;20;23;21;23;25;29;21;27;29;21;25;26;19;15;21;20;29;20;22;16;20;21;9;15;11;13;8;12;13;13;13;9;15;13;11;7;8;15;13;19;15;15;12;20;9;16;16;15;10;20;7;6;7;5;7;12;5;12;7;5;8;7;2;1;1;1;0;1;2;1;0;0;0;1;1280;30;28;29;28;30;34;32;43;29;31;38;45;29;34;25;18;29;17;13;25;13;17;15;16;20;32;33;36;41;33;45;57;37;58;53;48;50;48;43;34;51;38;38;39;38;36;40;49;24;35;22;22;23;19;26;29;23;17;25;29;17;21;15;26;21;28;27;27;27;32;20;28;28;27;22;29;17;8;11;16;16;21;9;18;17;8;10;9;7;3;3;2;1;1;2;1;1;1;0;1;2517
Nördliche Wagnerstraße;21;22;14;22;12;10;17;12;12;16;12;17;14;6;16;15;9;10;13;10;17;14;26;28;35;35;39;50;49;48;45;43;42;39;32;34;37;28;22;24;28;26;15;21;19;16;15;18;15;12;14;16;15;21;20;25;17;19;20;26;6;20;14;10;9;10;12;10;12;6;2;7;5;8;10;6;6;7;6;7;7;11;3;2;3;4;0;3;0;4;3;0;2;0;0;0;0;0;0;0;1560;18;17;11;11;12;7;4;9;14;8;14;5;7;8;14;12;10;7;11;7;25;21;43;36;31;48;55;49;33;32;40;32;39;30;38;37;27;30;14;18;17;18;25;17;19;21;17;20;19;19;17;12;12;14;24;18;18;15;14;14;10;15;20;15;13;12;8;15;9;11;8;13;10;7;11;7;6;7;9;15;6;11;6;4;4;2;6;3;4;3;0;0;2;3;0;1;1;0;0;0;1511;39;39;25;33;24;17;21;21;26;24;26;22;21;14;30;27;19;17;24;17;42;35;69;64;66;83;94;99;82;80;85;75;81;69;70;71;64;58;36;42;45;44;40;38;38;37;32;38;34;31;31;28;27;35;44;43;35;34;34;40;16;35;34;25;22;22;20;25;21;17;10;20;15;15;21;13;12;14;15;22;13;22;9;6;7;6;6;6;4;7;3;0;4;3;0;1;1;0;0;0;3071
Blaubeurer Str.-Gewerbegeb.;6;4;5;5;3;2;3;4;3;4;8;3;5;4;2;4;3;5;8;5;6;5;3;11;11;10;12;18;5;12;17;8;10;8;14;8;6;14;9;4;5;2;8;5;6;7;7;5;4;2;6;5;5;6;5;1;4;2;5;3;3;4;2;4;1;3;4;2;0;2;0;2;1;0;1;0;0;0;1;0;0;1;1;1;2;0;0;1;2;0;0;0;0;0;0;0;0;0;0;0;408;4;9;7;9;6;12;4;6;3;1;4;2;3;4;5;2;4;3;2;2;8;1;8;9;12;5;9;7;14;11;9;9;12;9;6;6;7;3;6;5;9;2;4;6;3;3;5;2;6;5;3;3;3;6;1;4;5;1;3;2;2;2;1;1;2;3;1;4;0;3;2;0;1;3;2;1;0;0;1;2;0;1;1;0;1;0;0;0;0;2;0;0;1;0;0;0;0;0;0;0;361;10;13;12;14;9;14;7;10;6;5;12;5;8;8;7;6;7;8;10;7;14;6;11;20;23;15;21;25;19;23;26;17;22;17;20;14;13;17;15;9;14;4;12;11;9;10;12;7;10;7;9;8;8;12;6;5;9;3;8;5;5;6;3;5;3;6;5;6;0;5;2;2;2;3;3;1;0;0;2;2;0;2;2;1;3;0;0;1;2;2;0;0;1;0;0;0;0;0;0;0;769
Schillerstraße;10;8;12;12;11;9;7;4;7;6;9;4;5;13;6;10;5;11;8;11;12;16;17;20;17;27;35;30;35;33;38;30;27;27;22;21;29;19;21;17;16;23;10;15;24;10;17;5;15;16;11;9;17;14;12;15;11;14;12;11;7;13;16;13;16;10;13;5;6;12;6;11;7;13;10;7;11;11;10;8;4;8;3;3;10;5;1;6;2;2;1;0;0;0;0;0;0;0;0;0;1188;10;8;7;11;7;12;10;11;13;10;9;7;7;3;7;10;7;6;7;22;24;24;24;30;24;27;18;24;27;26;23;15;17;10;24;19;14;20;12;14;14;19;18;12;15;8;12;10;15;15;11;13;9;10;15;15;14;3;16;9;11;16;5;10;14;13;11;12;13;10;13;12;12;7;11;7;7;11;3;4;7;6;11;10;1;5;9;7;2;4;2;1;2;2;3;0;1;0;0;0;1128;20;16;19;23;18;21;17;15;20;16;18;11;12;16;13;20;12;17;15;33;36;40;41;50;41;54;53;54;62;59;61;45;44;37;46;40;43;39;33;31;30;42;28;27;39;18;29;15;30;31;22;22;26;24;27;30;25;17;28;20;18;29;21;23;30;23;24;17;19;22;19;23;19;20;21;14;18;22;13;12;11;14;14;13;11;10;10;13;4;6;3;1;2;2;3;0;1;0;0;0;2316
Südliche Wagnerstraße;29;26;21;18;23;20;11;16;19;19;12;19;18;22;20;20;14;15;16;20;21;30;28;35;61;47;43;59;73;51;58;59;50;58;37;35;40;48;40;33;42;29;31;32;36;32;29;24;35;35;32;27;26;24;46;21;26;26;30;21;30;21;21;16;18;16;22;14;19;10;15;18;10;9;16;20;7;10;14;11;3;8;17;5;8;8;3;2;3;5;2;2;0;2;2;0;0;0;1;0;2276;20;24;14;16;16;15;12;13;18;15;17;17;18;22;13;20;23;21;19;16;39;42;45;50;50;55;62;37;51;61;39;53;35;55;41;39;39;29;24;21;36;36;28;34;35;29;23;25;33;23;28;18;22;27;28;31;17;29;20;25;25;20;19;21;17;27;22;20;25;29;23;25;14;22;13;18;15;24;16;11;10;11;22;11;17;12;9;8;5;2;4;1;3;1;1;3;1;0;0;0;2290;49;50;35;34;39;35;23;29;37;34;29;36;36;44;33;40;37;36;35;36;60;72;73;85;111;102;105;96;124;112;97;112;85;113;78;74;79;77;64;54;78;65;59;66;71;61;52;49;68;58;60;45;48;51;74;52;43;55;50;46;55;41;40;37;35;43;44;34;44;39;38;43;24;31;29;38;22;34;30;22;13;19;39;16;25;20;12;10;8;7;6;3;3;3;3;3;1;0;1;0;4566
Donaubastion;6;8;10;9;4;7;6;7;4;3;7;3;7;5;5;9;5;1;7;7;16;20;17;32;28;41;30;35;41;40;29;32;28;30;27;18;22;20;14;17;13;12;17;7;15;16;19;6;14;10;9;13;9;17;14;11;13;8;8;9;16;9;13;12;3;9;7;10;9;5;5;7;4;4;2;6;4;5;5;1;6;3;5;5;3;6;1;1;1;0;1;0;0;0;0;0;0;0;0;1;1066;9;14;11;10;9;0;5;3;5;7;4;5;8;6;3;11;7;4;12;8;7;18;23;26;19;41;33;23;26;25;14;22;26;16;13;22;15;13;11;5;18;14;11;9;7;12;8;7;7;9;11;13;10;7;10;9;17;10;14;10;7;13;7;2;9;7;10;7;11;5;10;8;6;10;5;6;3;9;4;7;10;3;6;3;6;3;3;4;4;1;1;1;2;1;1;0;1;0;0;0;948;15;22;21;19;13;7;11;10;9;10;11;8;15;11;8;20;12;5;19;15;23;38;40;58;47;82;63;58;67;65;43;54;54;46;40;40;37;33;25;22;31;26;28;16;22;28;27;13;21;19;20;26;19;24;24;20;30;18;22;19;23;22;20;14;12;16;17;17;20;10;15;15;10;14;7;12;7;14;9;8;16;6;11;8;9;9;4;5;5;1;2;1;2;1;1;0;1;0;0;1;2014
Galgenberg;2;5;2;5;6;3;5;4;10;2;4;5;8;7;4;2;11;8;5;4;4;7;2;5;3;6;5;11;4;11;4;10;11;4;12;5;13;4;8;7;9;5;4;11;11;4;9;5;7;6;5;7;5;11;9;13;10;12;10;11;11;7;11;8;8;7;5;5;1;7;5;3;6;5;4;2;5;2;6;4;4;1;4;6;2;5;2;2;2;0;0;0;0;0;0;0;1;0;0;0;543;6;4;6;4;4;8;3;5;5;6;4;6;2;3;2;6;3;6;3;5;8;7;6;14;12;14;8;7;9;8;12;13;9;4;3;4;10;5;9;5;6;2;12;3;10;7;8;12;8;5;8;7;7;13;10;11;12;8;7;9;7;7;6;8;5;8;6;5;7;5;2;4;5;8;5;6;7;1;8;6;2;4;3;5;3;0;8;1;3;2;2;0;0;0;0;1;0;0;0;2;575;8;9;8;9;10;11;8;9;15;8;8;11;10;10;6;8;14;14;8;9;12;14;8;19;15;20;13;18;13;19;16;23;20;8;15;9;23;9;17;12;15;7;16;14;21;11;17;17;15;11;13;14;12;24;19;24;22;20;17;20;18;14;17;16;13;15;11;10;8;12;7;7;11;13;9;8;12;3;14;10;6;5;7;11;5;5;10;3;5;2;2;0;0;0;0;1;1;0;0;2;1118
Unterer Kuhberg;14;8;9;7;3;14;12;5;11;6;6;10;8;10;11;8;5;6;7;10;7;11;12;14;10;11;15;20;13;17;9;21;14;11;14;14;13;17;12;11;4;11;8;5;3;15;8;8;2;7;12;10;7;11;12;15;6;6;12;11;15;6;7;12;13;8;9;4;5;5;9;4;6;3;2;7;2;6;3;6;5;5;2;3;1;1;6;2;3;3;2;0;0;1;0;0;0;0;0;0;775;12;7;5;8;12;8;7;10;12;8;10;6;9;7;5;3;13;5;8;4;8;16;15;11;11;13;13;14;11;16;14;11;5;18;12;7;5;17;5;12;8;14;4;11;11;4;11;9;9;10;10;11;14;4;10;12;10;13;12;6;9;11;10;15;10;4;13;7;5;9;7;6;9;6;10;3;5;8;1;4;4;6;3;7;2;3;2;1;4;2;2;1;0;0;0;3;1;0;0;0;779;26;15;14;15;15;22;19;15;23;14;16;16;17;17;16;11;18;11;15;14;15;27;27;25;21;24;28;34;24;33;23;32;19;29;26;21;18;34;17;23;12;25;12;16;14;19;19;17;11;17;22;21;21;15;22;27;16;19;24;17;24;17;17;27;23;12;22;11;10;14;16;10;15;9;12;10;7;14;4;10;9;11;5;10;3;4;8;3;7;5;4;1;0;1;0;3;1;0;0;0;1554
Sedanstraße;6;7;5;5;2;6;3;6;8;8;3;3;3;6;4;4;6;3;3;2;6;4;5;10;6;9;11;11;5;13;11;13;8;11;7;9;11;10;6;8;9;4;9;10;5;10;6;4;8;8;7;6;6;9;8;7;5;10;10;16;14;4;9;6;7;2;5;6;4;9;9;4;3;7;10;8;5;0;2;5;10;6;2;5;5;5;7;3;4;3;4;4;1;0;0;1;0;0;1;0;604;6;4;4;2;5;7;6;5;3;4;3;7;7;6;4;3;5;2;5;6;1;6;5;3;5;7;6;8;14;6;12;9;7;10;10;7;8;7;9;9;7;8;10;11;9;6;8;5;3;7;6;10;6;10;6;8;13;13;10;14;7;1;7;6;4;12;4;6;5;11;7;7;4;5;9;5;15;6;6;9;10;15;16;18;15;11;10;10;10;6;6;5;4;2;4;1;2;1;1;2;698;12;11;9;7;7;13;9;11;11;12;6;10;10;12;8;7;11;5;8;8;7;10;10;13;11;16;17;19;19;19;23;22;15;21;17;16;19;17;15;17;16;12;19;21;14;16;14;9;11;15;13;16;12;19;14;15;18;23;20;30;21;5;16;12;11;14;9;12;9;20;16;11;7;12;19;13;20;6;8;14;20;21;18;23;20;16;17;13;14;9;10;9;5;2;4;2;2;1;2;2;1302
Saarlandstraße;30;25;29;33;27;27;25;30;19;30;32;30;28;22;24;31;24;24;19;37;36;22;28;38;19;49;51;36;42;41;35;34;35;41;35;39;37;43;22;32;22;28;33;36;40;37;32;36;32;39;27;24;38;44;43;41;39;46;34;32;34;27;30;26;23;27;19;19;16;15;17;20;18;17;16;14;17;9;11;16;14;19;22;12;10;13;9;8;7;3;4;3;2;4;2;0;0;1;1;1;2490;20;22;24;22;26;21;21;18;22;30;27;28;25;25;22;24;29;23;26;27;42;33;44;32;45;41;36;37;33;41;39;33;35;27;25;31;38;39;33;32;41;39;47;38;37;28;35;44;35;41;35;31;28;32;51;43;35;35;42;38;55;31;33;31;31;32;35;33;29;35;23;24;21;28;28;20;22;25;17;24;18;23;29;15;13;14;15;10;8;10;7;5;4;2;3;2;1;1;0;2;2712;50;47;53;55;53;48;46;48;41;60;59;58;53;47;46;55;53;47;45;64;78;55;72;70;64;90;87;73;75;82;74;67;70;68;60;70;75;82;55;64;63;67;80;74;77;65;67;80;67;80;62;55;66;76;94;84;74;81;76;70;89;58;63;57;54;59;54;52;45;50;40;44;39;45;44;34;39;34;28;40;32;42;51;27;23;27;24;18;15;13;11;8;6;6;5;2;1;2;1;3;5202
Mittlerer Kuhberg;9;9;20;12;14;10;13;11;19;23;16;15;23;22;17;18;15;24;23;29;26;28;17;21;31;27;18;33;26;25;21;18;18;18;22;19;30;13;16;14;21;15;18;23;20;20;22;14;13;17;27;16;18;28;23;20;18;20;17;15;20;20;9;11;11;6;7;8;4;10;10;7;9;6;4;8;8;7;7;5;3;10;3;2;8;2;4;1;6;2;2;0;2;2;0;0;0;1;1;0;1394;9;13;12;9;8;17;8;17;16;14;16;18;17;15;20;15;18;11;17;15;15;9;11;13;15;15;15;12;21;12;16;13;14;16;14;21;17;24;15;12;11;20;18;19;22;20;24;15;17;20;22;21;19;22;23;19;17;18;15;11;17;16;6;12;15;10;9;4;13;5;14;9;8;11;11;11;5;7;4;5;7;6;13;9;7;4;6;5;5;4;2;1;1;1;0;1;0;0;0;0;1222;18;22;32;21;22;27;21;28;35;37;32;33;40;37;37;33;33;35;40;44;41;37;28;34;46;42;33;45;47;37;37;31;32;34;36;40;47;37;31;26;32;35;36;42;42;40;46;29;30;37;49;37;37;50;46;39;35;38;32;26;37;36;15;23;26;16;16;12;17;15;24;16;17;17;15;19;13;14;11;10;10;16;16;11;15;6;10;6;11;6;4;1;3;3;0;1;0;1;1;0;2616
Mähringer Weg;14;25;11;14;13;15;9;13;6;10;7;19;18;11;10;11;16;16;17;31;17;18;13;24;36;34;53;33;30;27;37;29;31;24;28;31;24;24;28;21;16;14;22;19;14;26;18;13;15;16;15;13;12;22;12;14;10;7;12;12;2;9;14;10;11;8;16;13;8;5;7;4;5;8;8;5;5;5;3;3;0;3;7;2;1;1;1;2;0;2;0;1;0;0;0;0;0;0;0;0;1319;16;17;11;15;11;18;8;16;13;10;19;10;12;13;17;9;13;10;10;6;9;7;8;7;20;12;19;12;12;16;24;8;21;20;17;15;16;17;12;17;7;16;24;17;11;12;14;19;16;11;12;16;12;14;13;13;5;13;10;12;14;8;10;9;17;8;7;4;9;9;8;8;4;4;4;4;7;8;4;3;5;3;3;7;3;1;3;2;3;2;0;1;1;0;1;1;2;1;0;0;998;30;42;22;29;24;33;17;29;19;20;26;29;30;24;27;20;29;26;27;37;26;25;21;31;56;46;72;45;42;43;61;37;52;44;45;46;40;41;40;38;23;30;46;36;25;38;32;32;31;27;27;29;24;36;25;27;15;20;22;24;16;17;24;19;28;16;23;17;17;14;15;12;9;12;12;9;12;13;7;6;5;6;10;9;4;2;4;4;3;4;0;2;1;0;1;1;2;1;0;0;2317
Eselsberg Mitte;20;18;11;20;13;31;18;17;10;15;17;11;15;18;15;14;10;14;18;12;19;21;20;32;41;28;34;48;38;29;46;39;25;36;41;23;33;23;29;26;25;17;27;26;32;27;22;18;23;21;21;18;26;30;15;20;21;25;22;35;25;35;20;25;20;20;13;27;11;17;9;18;12;15;7;13;10;12;4;10;4;11;10;6;6;8;6;3;5;0;2;3;2;2;2;0;3;1;0;0;1816;16;13;25;14;17;12;13;13;20;21;12;26;13;12;12;14;15;13;12;12;14;29;37;27;37;30;25;30;33;31;25;34;33;30;27;25;20;25;24;30;17;28;18;21;35;32;26;23;23;29;27;20;16;27;24;25;19;32;37;30;23;21;19;16;34;18;14;30;24;33;18;19;10;8;24;18;19;9;9;16;10;6;12;11;15;17;12;10;9;5;2;0;4;3;0;1;3;1;1;0;1884;36;31;36;34;30;43;31;30;30;36;29;37;28;30;27;28;25;27;30;24;33;50;57;59;78;58;59;78;71;60;71;73;58;66;68;48;53;48;53;56;42;45;45;47;67;59;48;41;46;50;48;38;42;57;39;45;40;57;59;65;48;56;39;41;54;38;27;57;35;50;27;37;22;23;31;31;29;21;13;26;14;17;22;17;21;25;18;13;14;5;4;3;6;5;2;1;6;2;1;0;3700
Hetzenbäumle;15;12;13;11;11;17;20;8;12;19;11;8;9;8;7;6;14;4;14;19;14;14;20;16;19;16;22;19;15;14;24;23;29;26;25;27;14;23;17;22;13;11;21;17;8;16;13;17;13;12;20;18;17;19;15;23;12;20;13;8;15;16;11;12;11;11;20;10;9;7;5;7;9;9;4;1;9;7;3;4;3;1;5;5;8;2;3;4;3;1;2;0;0;0;1;1;0;0;0;0;1162;9;13;15;7;15;10;17;9;14;10;11;5;15;8;9;17;14;11;6;19;13;11;19;11;22;19;17;23;15;19;10;23;18;18;22;12;14;18;21;16;9;16;15;13;19;13;12;22;16;15;13;13;19;19;21;16;21;12;14;13;15;10;16;19;12;12;9;15;9;11;10;6;6;10;6;13;6;11;3;3;10;3;6;4;6;6;4;7;6;3;4;2;0;2;0;0;0;1;0;0;1152;24;25;28;18;26;27;37;17;26;29;22;13;24;16;16;23;28;15;20;38;27;25;39;27;41;35;39;42;30;33;34;46;47;44;47;39;28;41;38;38;22;27;36;30;27;29;25;39;29;27;33;31;36;38;36;39;33;32;27;21;30;26;27;31;23;23;29;25;18;18;15;13;15;19;10;14;15;18;6;7;13;4;11;9;14;8;7;11;9;4;6;2;0;2;1;1;0;1;0;0;2314
Lehrer Tal;6;9;3;0;11;5;7;3;6;3;7;3;4;5;9;5;5;7;5;7;8;9;8;6;14;10;11;16;17;10;8;9;7;16;11;10;12;7;12;9;5;5;6;5;6;11;5;5;6;9;5;5;8;14;6;9;4;8;3;7;4;10;7;2;2;4;4;6;2;7;4;5;5;3;3;1;1;3;1;4;3;1;5;0;2;1;2;1;2;2;0;0;0;0;0;0;0;0;1;0;550;7;7;6;9;3;6;6;5;2;7;1;7;3;2;3;3;4;6;6;10;9;5;8;13;12;10;12;11;13;13;9;9;2;8;8;9;13;8;10;5;7;6;5;6;7;7;3;8;6;5;6;7;8;5;4;8;8;7;9;7;5;7;7;11;11;4;5;9;2;2;3;5;4;3;6;2;4;2;5;1;2;3;2;3;1;3;2;1;4;3;4;1;0;2;0;1;0;0;0;0;549;13;16;9;9;14;11;13;8;8;10;8;10;7;7;12;8;9;13;11;17;17;14;16;19;26;20;23;27;30;23;17;18;9;24;19;19;25;15;22;14;12;11;11;11;13;18;8;13;12;14;11;12;16;19;10;17;12;15;12;14;9;17;14;13;13;8;9;15;4;9;7;10;9;6;9;3;5;5;6;5;5;4;7;3;3;4;4;2;6;5;4;1;0;2;0;1;0;0;1;0;1099
Universität;0;0;0;0;0;0;0;0;0;0;0;0;0;0;0;0;0;0;5;16;12;18;19;15;22;11;15;5;3;3;3;1;1;0;2;0;1;1;0;1;0;0;0;1;0;0;0;1;0;0;0;0;0;0;0;0;0;0;0;0;0;0;0;0;1;0;0;0;0;0;0;0;0;0;0;0;0;0;0;0;0;0;0;0;0;0;0;0;0;0;0;0;0;0;0;0;0;0;0;0;157;0;0;0;0;0;0;0;0;0;0;0;0;0;0;0;0;0;0;8;17;28;20;19;24;20;11;9;8;4;2;2;1;1;0;1;0;0;0;0;0;0;0;0;0;0;0;0;0;0;0;0;0;0;0;0;0;1;0;0;0;0;0;0;0;0;0;0;0;0;0;0;0;0;0;0;0;0;0;0;0;0;0;0;0;0;0;0;0;0;0;0;0;0;0;0;0;0;0;0;0;176;0;0;0;0;0;0;0;0;0;0;0;0;0;0;0;0;0;0;13;33;40;38;38;39;42;22;24;13;7;5;5;2;2;0;3;0;1;1;0;1;0;0;0;1;0;0;0;1;0;0;0;0;0;0;0;0;1;0;0;0;0;0;0;0;1;0;0;0;0;0;0;0;0;0;0;0;0;0;0;0;0;0;0;0;0;0;0;0;0;0;0;0;0;0;0;0;0;0;0;0;333
Hasenkopf;7;4;4;7;9;8;9;7;9;16;7;10;6;6;5;7;9;7;10;22;13;14;22;20;20;23;20;20;20;14;13;15;14;13;17;16;17;17;10;17;7;13;12;9;9;10;13;11;13;17;9;13;10;11;12;15;12;13;12;9;10;13;20;13;16;6;4;15;10;7;10;10;4;9;8;4;10;8;5;5;2;4;4;0;4;2;4;0;1;0;1;2;0;0;0;0;1;0;0;0;946;6;6;14;13;11;9;7;6;6;9;5;10;9;10;12;8;8;12;17;24;48;27;30;19;19;14;18;15;17;17;22;16;14;12;15;11;14;10;15;11;17;7;13;12;9;11;12;9;15;10;7;10;13;18;10;16;11;13;16;16;10;21;9;13;11;14;13;4;12;11;7;8;5;9;8;12;7;4;3;9;4;3;1;5;3;4;6;5;0;1;1;3;0;2;2;0;0;1;0;0;1042;13;10;18;20;20;17;16;13;15;25;12;20;15;16;17;15;17;19;27;46;61;41;52;39;39;37;38;35;37;31;35;31;28;25;32;27;31;27;25;28;24;20;25;21;18;21;25;20;28;27;16;23;23;29;22;31;23;26;28;25;20;34;29;26;27;20;17;19;22;18;17;18;9;18;16;16;17;12;8;14;6;7;5;5;7;6;10;5;1;1;2;5;0;2;2;0;1;1;0;0;1988
Am Weinberg;6;13;8;6;11;7;8;5;7;8;2;2;10;12;6;5;7;4;13;8;9;8;8;11;15;14;20;16;20;18;14;13;8;14;11;8;12;13;11;15;14;13;12;12;11;15;6;8;5;12;12;12;10;8;8;9;15;12;10;10;13;11;7;8;11;11;14;5;8;8;9;6;9;9;7;9;12;5;4;7;6;7;13;4;9;8;5;10;1;2;0;2;0;0;0;0;0;0;0;2;862;2;8;3;9;8;8;7;3;10;6;13;9;12;6;4;5;7;8;9;10;5;11;6;13;12;14;11;16;12;15;7;15;14;8;10;15;13;8;8;8;9;12;13;9;12;10;12;9;13;11;8;10;10;14;16;9;10;23;12;9;7;11;9;12;10;20;9;7;16;6;10;8;9;11;15;6;14;8;11;8;7;8;12;13;5;4;9;4;2;2;3;2;2;1;0;0;2;1;0;0;883;8;21;11;15;19;15;15;8;17;14;15;11;22;18;10;10;14;12;22;18;14;19;14;24;27;28;31;32;32;33;21;28;22;22;21;23;25;21;19;23;23;25;25;21;23;25;18;17;18;23;20;22;20;22;24;18;25;35;22;19;20;22;16;20;21;31;23;12;24;14;19;14;18;20;22;15;26;13;15;15;13;15;25;17;14;12;14;14;3;4;3;4;2;1;0;0;2;1;0;2;1745
Wanne;11;9;5;9;9;6;11;8;10;6;12;7;11;8;11;10;13;9;9;12;8;16;14;15;21;17;17;20;19;18;23;16;22;26;22;15;11;20;18;15;18;13;14;10;9;12;7;16;23;19;11;12;15;14;25;19;20;16;14;24;12;19;16;10;9;4;9;11;8;7;7;2;0;4;5;0;1;2;2;1;4;2;5;0;0;0;1;0;0;0;0;0;0;0;0;0;0;0;0;0;991;10;4;4;11;10;4;11;4;7;6;10;9;7;9;4;10;12;14;9;12;18;9;14;19;16;24;22;15;17;24;22;17;7;19;23;19;12;9;12;8;16;22;17;12;19;17;17;12;10;19;14;15;26;19;25;14;20;17;16;11;24;20;20;14;7;9;10;9;6;6;7;1;4;3;2;7;1;2;3;3;4;1;6;3;1;1;1;0;0;0;1;0;0;1;2;0;0;0;0;0;1010;21;13;9;20;19;10;22;12;17;12;22;16;18;17;15;20;25;23;18;24;26;25;28;34;37;41;39;35;36;42;45;33;29;45;45;34;23;29;30;23;34;35;31;22;28;29;24;28;33;38;25;27;41;33;50;33;40;33;30;35;36;39;36;24;16;13;19;20;14;13;14;3;4;7;7;7;2;4;5;4;8;3;11;3;1;1;2;0;0;0;1;0;0;1;2;0;0;0;0;0;2001
Türmle;7;6;14;15;8;7;11;10;9;9;10;5;7;6;9;10;5;9;10;6;6;6;10;13;10;11;8;14;9;16;8;14;10;10;8;9;9;10;11;18;13;11;15;9;8;7;5;10;8;7;7;11;11;3;8;4;6;8;7;10;8;5;4;10;5;4;4;6;6;8;2;0;3;7;3;2;6;7;2;4;5;2;5;3;4;1;3;3;1;2;0;0;1;0;0;0;0;0;0;0;677;9;11;15;8;13;10;11;10;10;9;10;7;11;4;6;6;2;10;5;5;8;14;6;9;8;12;12;13;9;10;9;6;10;10;11;14;9;13;10;14;7;10;16;14;4;12;4;9;8;3;10;3;13;6;6;6;7;7;12;8;4;12;8;13;5;5;3;5;6;6;4;4;7;5;6;7;5;1;4;5;2;3;2;5;3;6;2;2;2;0;0;2;0;0;0;0;0;0;1;0;689;16;17;29;23;21;17;22;20;19;18;20;12;18;10;15;16;7;19;15;11;14;20;16;22;18;23;20;27;18;26;17;20;20;20;19;23;18;23;21;32;20;21;31;23;12;19;9;19;16;10;17;14;24;9;14;10;13;15;19;18;12;17;12;23;10;9;7;11;12;14;6;4;10;12;9;9;11;8;6;9;7;5;7;8;7;7;5;5;3;2;0;2;1;0;0;0;0;0;1;0;1366
Häringsäcker;8;5;10;11;10;12;9;6;7;8;8;9;8;4;8;7;4;5;19;42;33;54;28;24;32;25;24;29;18;21;17;17;20;13;12;19;14;10;18;12;9;9;11;16;9;17;14;10;12;8;9;9;10;10;14;10;12;17;16;18;15;12;26;15;14;17;11;11;15;8;14;12;8;10;5;6;5;6;5;1;1;1;5;3;1;4;1;0;0;1;0;1;0;1;1;0;0;0;0;0;1116;4;8;9;1;9;9;7;10;7;8;7;6;11;6;9;7;12;15;15;33;33;35;40;38;27;16;17;18;17;15;9;12;12;12;15;15;13;13;20;9;15;11;12;10;11;13;12;16;15;8;14;12;14;13;12;19;18;17;15;19;16;11;19;19;15;23;14;13;13;5;9;11;7;8;7;7;3;2;2;8;2;2;1;5;2;2;2;2;3;4;2;0;2;0;0;0;0;0;0;0;1096;12;13;19;12;19;21;16;16;14;16;15;15;19;10;17;14;16;20;34;75;66;89;68;62;59;41;41;47;35;36;26;29;32;25;27;34;27;23;38;21;24;20;23;26;20;30;26;26;27;16;23;21;24;23;26;29;30;34;31;37;31;23;45;34;29;40;25;24;28;13;23;23;15;18;12;13;8;8;7;9;3;3;6;8;3;6;3;2;3;5;2;1;2;1;1;0;0;0;0;0;2212
Alt-Söflingen;21;15;26;15;13;14;8;13;13;10;13;13;12;6;9;12;5;16;11;17;12;18;26;15;35;32;33;41;47;24;43;47;36;50;31;38;27;29;33;31;27;23;23;27;16;17;20;17;21;20;20;19;27;25;38;28;29;28;21;21;21;27;20;18;19;20;15;9;13;11;11;15;9;17;6;11;9;14;9;10;11;13;13;11;12;3;8;8;3;4;0;2;2;2;1;1;1;0;0;1;1757;7;22;11;12;9;15;9;15;11;9;10;16;15;11;13;17;16;13;10;13;17;29;23;34;38;27;39;40;37;36;40;39;42;30;31;28;33;25;33;18;17;21;27;17;16;19;21;22;28;16;26;20;31;24;21;36;24;25;30;27;30;20;23;20;12;10;22;22;20;13;20;26;17;16;18;22;19;18;11;18;17;23;18;18;20;14;25;18;15;14;10;7;6;5;2;7;1;3;0;4;1965;28;37;37;27;22;29;17;28;24;19;23;29;27;17;22;29;21;29;21;30;29;47;49;49;73;59;72;81;84;60;83;86;78;80;62;66;60;54;66;49;44;44;50;44;32;36;41;39;49;36;46;39;58;49;59;64;53;53;51;48;51;47;43;38;31;30;37;31;33;24;31;41;26;33;24;33;28;32;20;28;28;36;31;29;32;17;33;26;18;18;10;9;8;7;3;8;2;3;0;5;3722
Sonnenstraße;6;14;13;9;12;10;10;8;11;5;7;10;12;10;12;8;13;9;10;11;8;7;6;13;20;12;19;15;18;25;21;15;20;13;20;20;15;20;8;15;12;12;16;17;15;16;14;15;15;15;17;15;8;13;19;17;18;17;13;10;15;17;14;12;12;17;5;14;9;9;9;11;5;6;8;14;2;6;4;1;3;8;9;12;6;7;8;3;2;1;0;3;1;2;0;0;1;0;0;0;1060;9;4;15;13;9;11;9;14;13;11;8;9;9;4;7;16;13;13;7;13;11;14;14;22;19;13;22;17;19;12;14;22;20;12;26;15;10;14;17;28;20;19;12;17;12;14;14;20;9;17;13;11;19;15;18;16;21;12;21;12;14;13;12;16;21;11;11;14;14;12;6;18;10;10;12;10;13;12;3;13;12;10;10;11;7;11;3;10;3;3;2;1;4;3;0;0;2;2;0;0;1199;15;18;28;22;21;21;19;22;24;16;15;19;21;14;19;24;26;22;17;24;19;21;20;35;39;25;41;32;37;37;35;37;40;25;46;35;25;34;25;43;32;31;28;34;27;30;28;35;24;32;30;26;27;28;37;33;39;29;34;22;29;30;26;28;33;28;16;28;23;21;15;29;15;16;20;24;15;18;7;14;15;18;19;23;13;18;11;13;5;4;2;4;5;5;0;0;3;2;0;0;2259
Auf der Laue;13;16;14;12;24;20;25;17;23;28;18;16;23;31;19;27;16;20;22;24;17;16;30;22;21;22;25;18;17;16;23;36;35;30;28;24;31;15;12;26;22;26;19;27;15;27;28;24;22;26;18;31;41;24;24;31;32;43;32;26;28;32;25;33;30;22;20;26;24;19;16;22;15;34;22;20;21;18;15;15;27;17;32;22;21;15;16;14;10;3;2;5;3;2;1;1;0;0;0;1;2059;15;17;22;18;18;20;20;14;22;20;14;18;17;18;15;30;27;17;19;11;19;21;18;15;18;16;18;18;27;25;26;25;28;26;21;23;18;27;19;28;38;32;24;22;25;33;17;29;30;31;25;33;24;22;24;46;27;36;42;35;31;32;35;31;39;24;34;38;19;36;33;27;30;34;32;20;23;21;14;30;28;22;31;21;26;18;13;11;8;3;3;3;4;4;2;0;1;1;0;0;2185;28;33;36;30;42;40;45;31;45;48;32;34;40;49;34;57;43;37;41;35;36;37;48;37;39;38;43;36;44;41;49;61;63;56;49;47;49;42;31;54;60;58;43;49;40;60;45;53;52;57;43;64;65;46;48;77;59;79;74;61;59;64;60;64;69;46;54;64;43;55;49;49;45;68;54;40;44;39;29;45;55;39;63;43;47;33;29;25;18;6;5;8;7;6;3;1;1;1;0;1;4244
Söfl.-Gewerbegebiet;2;2;2;3;2;5;7;4;6;3;3;5;4;0;1;3;3;3;4;0;2;7;7;6;7;4;5;10;6;7;7;5;6;5;8;7;10;12;11;8;10;10;8;9;7;8;6;12;6;6;4;6;5;10;3;5;3;8;6;3;4;7;3;5;7;4;3;2;0;3;0;2;2;1;3;0;0;2;0;2;0;0;0;2;1;1;1;0;0;1;1;0;0;1;0;0;0;0;0;0;395;5;6;3;5;2;5;0;0;0;3;3;1;2;2;4;2;2;4;1;7;2;4;1;3;4;4;4;8;3;3;9;8;5;3;7;6;3;4;5;6;3;4;6;5;4;7;4;5;3;2;4;2;5;2;0;7;5;3;3;5;2;4;5;5;3;5;0;1;4;3;1;2;2;0;1;0;2;3;0;0;2;4;1;0;0;2;0;0;1;0;0;1;0;0;0;0;0;0;1;0;283;7;8;5;8;4;10;7;4;6;6;6;6;6;2;5;5;5;7;5;7;4;11;8;9;11;8;9;18;9;10;16;13;11;8;15;13;13;16;16;14;13;14;14;14;11;15;10;17;9;8;8;8;10;12;3;12;8;11;9;8;6;11;8;10;10;9;3;3;4;6;1;4;4;1;4;0;2;5;0;2;2;4;1;2;1;3;1;0;1;1;1;1;0;1;0;0;0;0;1;0;678
Roter Berg - Alt;2;2;1;1;3;0;1;3;1;3;2;2;0;2;1;3;1;1;3;3;2;2;2;0;1;2;0;3;2;2;2;1;0;2;1;0;0;0;1;3;2;5;1;3;2;1;1;3;1;2;2;2;1;0;2;2;4;4;3;4;3;1;1;6;3;1;2;2;1;2;0;2;4;1;1;2;2;4;2;1;1;1;2;0;2;1;1;1;0;1;0;0;0;0;2;0;0;0;0;0;159;1;2;2;1;3;2;1;1;1;2;3;1;3;2;1;3;1;2;2;1;1;3;1;0;0;0;2;3;0;0;1;5;2;1;0;0;1;1;1;4;1;2;2;2;1;2;1;3;1;2;2;0;2;1;4;3;8;0;0;2;3;4;1;3;4;0;2;3;1;2;6;3;1;6;3;2;1;1;1;1;3;1;1;4;1;2;1;2;1;0;0;0;0;0;2;0;0;0;0;0;166;3;4;3;2;6;2;2;4;2;5;5;3;3;4;2;6;2;3;5;4;3;5;3;0;1;2;2;6;2;2;3;6;2;3;1;0;1;1;2;7;3;7;3;5;3;3;2;6;2;4;4;2;3;1;6;5;12;4;3;6;6;5;2;9;7;1;4;5;2;4;6;5;5;7;4;4;3;5;3;2;4;2;3;4;3;3;2;3;1;1;0;0;0;0;4;0;0;0;0;0;325
Harthausen;0;0;3;0;0;1;0;0;0;2;1;1;0;0;0;0;0;1;1;0;0;1;1;0;0;1;0;1;1;0;1;0;0;0;1;0;0;0;0;2;1;0;0;0;0;1;0;2;0;1;2;0;0;2;1;2;0;2;0;4;1;0;0;0;0;0;1;0;1;1;1;0;1;0;0;1;1;0;0;0;0;0;0;1;0;0;0;0;0;0;0;0;0;0;0;0;0;0;0;0;46;0;0;0;0;1;0;0;1;1;1;2;0;0;1;3;0;1;2;1;0;0;1;1;0;0;0;1;0;1;1;0;2;0;1;0;0;0;0;1;2;1;0;0;0;0;1;0;1;0;0;2;0;0;2;2;1;1;5;0;2;0;1;0;2;0;1;0;1;0;1;0;0;0;0;0;0;0;1;1;0;0;1;1;0;0;0;1;0;0;0;0;0;0;0;0;0;0;0;0;0;54;0;0;3;0;1;1;0;1;1;3;3;1;0;1;3;0;1;3;2;0;0;2;2;0;0;1;1;1;2;1;1;2;0;1;1;0;0;0;1;4;2;0;0;0;0;2;0;3;0;1;4;0;0;4;3;3;1;7;0;6;1;1;0;2;0;1;1;1;1;2;1;0;1;0;0;1;1;1;1;0;0;1;1;1;0;0;1;0;0;0;0;0;0;0;0;0;0;0;0;0;100
Roter Berg - Neu;1;3;1;3;3;3;2;1;1;2;2;0;1;5;3;1;4;3;1;1;1;1;0;1;2;3;4;3;2;0;0;1;4;1;1;2;2;2;3;4;2;4;3;5;0;3;1;2;0;3;2;1;5;0;4;3;3;6;3;0;2;4;2;2;1;0;1;3;2;1;3;3;0;5;2;5;4;3;3;3;4;7;3;3;8;3;4;2;1;2;1;1;0;0;0;0;0;0;0;0;216;1;1;2;0;4;2;2;5;2;4;1;1;2;3;3;4;4;4;6;5;0;0;0;0;2;2;1;4;0;0;1;0;2;0;2;1;2;1;2;4;3;1;4;2;3;1;2;5;1;3;3;4;3;3;3;1;6;2;0;0;3;1;1;0;4;2;3;1;4;2;6;6;4;2;8;4;4;1;5;7;1;5;2;8;4;2;3;3;1;2;0;0;1;0;0;0;0;0;1;0;231;2;4;3;3;7;5;4;6;3;6;3;1;3;8;6;5;8;7;7;6;1;1;0;1;4;5;5;7;2;0;1;1;6;1;3;3;4;3;5;8;5;5;7;7;3;4;3;7;1;6;5;5;8;3;7;4;9;8;3;0;5;5;3;2;5;2;4;4;6;3;9;9;4;7;10;9;8;4;8;10;5;12;5;11;12;5;7;5;2;4;1;1;1;0;0;0;0;0;1;0;447
Grimmelfingen;4;3;4;6;4;6;5;3;7;8;6;3;3;8;3;1;5;10;5;8;18;12;8;11;10;9;9;4;8;10;6;3;14;6;13;11;4;7;5;9;4;8;9;6;10;6;6;5;11;6;5;7;10;8;13;12;16;13;13;9;8;17;14;11;7;5;4;2;8;3;3;3;3;3;3;3;2;2;1;3;0;2;3;3;4;2;1;2;0;1;0;1;0;0;0;0;0;0;0;0;580;8;4;8;4;6;10;5;3;7;3;3;5;7;3;7;5;4;11;4;5;6;13;9;4;8;7;6;12;7;10;4;6;6;9;7;5;12;9;10;2;10;5;5;5;10;3;7;8;8;6;6;17;17;8;13;18;8;13;14;13;12;15;9;4;6;4;2;4;6;3;6;3;1;4;4;2;0;3;3;6;0;1;8;4;6;3;0;0;1;0;2;2;0;0;2;0;1;1;1;0;587;12;7;12;10;10;16;10;6;14;11;9;8;10;11;10;6;9;21;9;13;24;25;17;15;18;16;15;16;15;20;10;9;20;15;20;16;16;16;15;11;14;13;14;11;20;9;13;13;19;12;11;24;27;16;26;30;24;26;27;22;20;32;23;15;13;9;6;6;14;6;9;6;4;7;7;5;2;5;4;9;0;3;11;7;10;5;1;2;1;1;2;3;0;0;2;0;1;1;1;0;1167
Alt-Wiblingen;18;22;16;25;11;14;21;16;11;19;18;19;11;15;10;14;12;10;10;23;20;15;13;22;28;32;21;27;37;24;26;35;24;32;26;23;25;30;25;17;16;21;27;26;26;23;19;22;24;14;15;24;25;31;32;35;32;34;31;27;27;27;33;30;27;19;22;20;21;16;13;24;20;28;20;15;8;10;9;13;14;11;12;10;17;14;10;11;12;7;0;2;2;3;3;2;1;0;0;0;1854;16;22;12;16;13;20;16;11;18;11;18;15;11;15;11;21;15;14;26;18;24;32;24;24;22;30;29;33;23;22;25;22;19;36;20;16;14;25;17;22;18;24;22;19;16;22;23;23;12;22;17;22;25;29;29;33;28;29;39;25;26;17;36;20;24;25;32;32;28;14;20;24;28;21;20;21;17;11;14;14;12;13;20;24;25;15;21;24;11;11;2;13;12;6;4;5;5;0;2;7;1951;34;44;28;41;24;34;37;27;29;30;36;34;22;30;21;35;27;24;36;41;44;47;37;46;50;62;50;60;60;46;51;57;43;68;46;39;39;55;42;39;34;45;49;45;42;45;42;45;36;36;32;46;50;60;61;68;60;63;70;52;53;44;69;50;51;44;54;52;49;30;33;48;48;49;40;36;25;21;23;27;26;24;32;34;42;29;31;35;23;18;2;15;14;9;7;7;6;0;2;7;3805
Erenlauh;20;25;25;28;22;32;26;33;31;28;33;29;34;32;26;33;35;27;34;21;25;23;27;26;15;23;16;36;31;29;28;33;27;27;31;17;21;30;28;20;23;23;26;24;24;23;20;22;21;21;23;20;19;27;23;26;28;20;24;18;21;22;15;16;12;15;17;12;21;18;16;20;15;10;11;13;11;3;9;8;13;13;11;12;7;10;5;9;8;3;4;1;3;3;1;0;0;1;0;0;1931;33;18;25;21;26;20;35;24;18;19;31;23;27;24;28;32;23;26;23;26;31;24;22;24;28;27;21;28;17;21;31;16;20;29;30;24;25;27;34;31;22;25;24;30;36;22;16;34;27;26;31;26;25;27;25;21;21;28;21;22;24;17;22;19;21;18;23;20;22;18;19;25;19;12;19;18;11;14;8;18;19;7;19;12;20;16;19;12;8;8;5;1;3;3;1;1;1;0;1;0;2044;53;43;50;49;48;52;61;57;49;47;64;52;61;56;54;65;58;53;57;47;56;47;49;50;43;50;37;64;48;50;59;49;47;56;61;41;46;57;62;51;45;48;50;54;60;45;36;56;48;47;54;46;44;54;48;47;49;48;45;40;45;39;37;35;33;33;40;32;43;36;35;45;34;22;30;31;22;17;17;26;32;20;30;24;27;26;24;21;16;11;9;2;6;6;2;1;1;1;1;0;3975
Wibl.-Gewerbegebiet;0;0;0;0;0;0;0;0;0;0;0;0;0;0;0;0;0;0;0;1;0;1;1;1;1;1;0;0;0;1;1;1;1;0;1;0;0;0;2;0;0;2;0;2;0;0;0;0;1;1;0;2;1;2;1;1;0;1;1;0;1;1;1;0;0;2;0;2;0;1;0;0;0;0;0;0;1;0;0;1;0;0;1;0;0;0;0;0;0;0;0;0;0;0;0;0;0;0;0;0;39;0;0;0;0;0;0;0;0;0;0;0;0;0;0;0;1;0;1;0;1;0;0;0;0;0;0;0;1;0;0;1;0;0;0;0;1;0;1;0;0;0;0;0;0;0;0;1;0;0;2;0;0;1;2;0;0;0;1;1;0;0;2;0;0;0;2;0;0;0;0;0;1;0;1;0;0;0;0;0;1;0;0;0;0;1;0;0;0;0;0;0;0;0;0;0;0;0;0;0;0;23;0;0;0;0;0;0;0;0;0;0;0;0;0;0;0;1;0;1;0;2;0;1;1;1;1;1;0;1;0;1;2;1;1;0;1;1;0;1;2;0;0;2;0;2;0;0;1;0;1;3;0;2;2;4;1;1;0;2;2;0;1;3;1;0;0;4;0;2;0;1;0;1;0;1;0;0;1;0;0;2;0;0;1;0;1;0;0;0;0;0;0;0;0;0;0;0;0;0;0;0;62
Tannenplatz West;10;5;14;13;17;13;6;13;18;16;12;16;19;12;6;22;11;8;16;17;12;9;12;10;16;13;18;7;17;17;18;17;13;14;8;8;13;11;14;13;18;18;12;14;17;17;9;11;14;14;19;16;11;11;19;13;10;15;14;13;18;11;15;12;15;16;11;11;11;13;15;19;12;17;17;11;12;16;8;18;13;13;18;12;15;10;8;4;6;1;1;2;2;0;0;0;0;2;0;1;1195;7;11;14;10;16;13;4;16;15;13;10;10;15;10;20;9;20;19;15;6;13;12;10;5;12;6;8;14;13;11;13;11;8;9;16;12;11;17;21;14;12;19;20;14;18;15;14;15;18;12;10;13;11;25;15;19;12;12;16;14;13;11;11;22;23;14;16;13;21;23;14;18;14;22;15;17;17;13;9;22;15;21;20;15;13;14;7;8;11;5;2;8;0;3;4;0;1;0;1;0;1269;17;16;28;23;33;26;10;29;33;29;22;26;34;22;26;31;31;27;31;23;25;21;22;15;28;19;26;21;30;28;31;28;21;23;24;20;24;28;35;27;30;37;32;28;35;32;23;26;32;26;29;29;22;36;34;32;22;27;30;27;31;22;26;34;38;30;27;24;32;36;29;37;26;39;32;28;29;29;17;40;28;34;38;27;28;24;15;12;17;6;3;10;2;3;4;0;1;2;1;1;2464
Tannenhof;0;0;0;0;0;0;0;0;0;0;0;0;0;0;0;0;0;0;0;0;0;0;0;1;0;1;0;2;2;0;2;5;1;1;2;1;0;0;1;1;0;1;1;0;1;1;2;2;2;4;0;2;3;1;2;2;2;1;5;5;3;3;5;3;4;9;4;6;5;4;2;6;2;4;4;0;1;3;1;0;1;1;0;0;0;0;0;0;0;0;0;1;0;0;0;0;0;0;0;0;129;0;0;0;0;0;1;0;0;0;0;0;0;0;0;0;0;1;0;0;0;1;2;1;1;2;0;4;2;2;2;5;0;2;0;0;0;3;0;1;2;1;0;0;2;1;2;0;3;2;1;1;0;2;2;0;2;1;2;3;3;2;2;2;4;4;9;1;4;3;1;1;3;1;3;3;2;1;3;2;0;0;0;4;0;0;0;0;0;0;2;0;0;0;0;0;0;0;0;0;0;117;0;0;0;0;0;1;0;0;0;0;0;0;0;0;0;0;1;0;0;0;1;2;1;2;2;1;4;4;4;2;7;5;3;1;2;1;3;0;2;3;1;1;1;2;2;3;2;5;4;5;1;2;5;3;2;4;3;3;8;8;5;5;7;7;8;18;5;10;8;5;3;9;3;7;7;2;2;6;3;0;1;1;4;0;0;0;0;0;0;2;0;1;0;0;0;0;0;0;0;0;246
Tannenplatz Süd;3;6;10;3;5;6;3;13;6;11;5;3;3;6;6;2;6;5;9;5;3;8;7;10;5;6;4;1;5;5;11;4;5;7;9;8;7;4;8;5;11;7;8;7;5;3;6;5;10;4;6;8;9;1;8;3;8;1;5;4;3;10;5;9;4;3;9;7;5;6;4;6;6;7;9;10;7;6;4;8;8;4;6;7;15;8;2;7;2;3;1;1;2;1;0;2;0;0;0;0;554;7;5;3;7;7;4;7;6;5;2;8;11;3;5;6;4;7;7;4;4;7;6;3;6;7;10;6;6;6;5;7;5;9;5;7;13;8;7;5;6;10;3;9;11;3;8;9;10;7;8;5;8;2;6;7;3;4;4;8;3;9;8;5;6;6;5;13;10;9;4;9;8;11;8;16;8;8;8;7;14;7;8;10;5;5;6;3;2;4;2;1;1;0;0;0;0;0;0;1;0;601;10;11;13;10;12;10;10;19;11;13;13;14;6;11;12;6;13;12;13;9;10;14;10;16;12;16;10;7;11;10;18;9;14;12;16;21;15;11;13;11;21;10;17;18;8;11;15;15;17;12;11;16;11;7;15;6;12;5;13;7;12;18;10;15;10;8;22;17;14;10;13;14;17;15;25;18;15;14;11;22;15;12;16;12;20;14;5;9;6;5;2;2;2;1;0;2;0;0;1;0;1155
Tannenplatz Mitte;15;21;18;13;20;17;22;17;18;11;25;20;17;28;35;26;15;22;20;23;19;23;13;18;26;21;15;13;11;27;22;19;20;23;17;18;24;14;20;27;16;25;23;15;24;21;25;17;14;23;18;17;15;19;15;20;16;23;20;17;20;16;25;25;22;18;23;27;19;24;26;19;22;14;23;13;17;17;19;16;17;20;19;27;21;22;9;10;7;2;4;7;3;3;1;2;0;0;1;0;1756;12;13;18;18;21;22;18;28;23;27;20;13;26;23;23;27;27;24;21;20;12;12;19;15;10;19;13;18;11;17;15;23;18;26;23;31;28;26;21;28;25;19;23;27;23;27;15;25;23;27;15;25;15;19;17;18;24;16;18;25;17;22;23;40;30;31;35;37;42;39;33;32;29;34;32;27;17;26;13;24;28;22;22;27;19;22;13;11;12;8;3;4;4;5;4;2;3;0;2;1;2030;27;34;36;31;41;39;40;45;41;38;45;33;43;51;58;53;42;46;41;43;31;35;32;33;36;40;28;31;22;44;37;42;38;49;40;49;52;40;41;55;41;44;46;42;47;48;40;42;37;50;33;42;30;38;32;38;40;39;38;42;37;38;48;65;52;49;58;64;61;63;59;51;51;48;55;40;34;43;32;40;45;42;41;54;40;44;22;21;19;10;7;11;7;8;5;4;3;0;3;1;3786
Eschwiesen;4;4;1;4;2;3;7;10;1;4;6;4;5;5;9;6;10;5;0;3;4;5;8;6;7;5;5;6;6;0;8;4;4;1;1;5;4;5;2;4;10;8;3;6;6;5;8;9;6;6;6;8;7;7;9;11;10;10;8;10;14;6;8;5;5;7;4;5;5;4;5;3;4;3;5;1;2;1;1;0;2;0;0;2;0;1;0;0;0;1;0;0;0;1;0;0;0;0;0;0;431;4;0;3;4;8;5;7;5;4;4;8;12;5;5;13;5;5;6;0;9;7;4;4;7;3;7;5;4;2;3;3;1;2;5;4;4;6;4;4;3;7;6;9;5;7;10;10;9;8;8;7;7;4;9;7;10;14;13;8;6;11;7;9;9;2;3;4;7;6;3;1;4;2;5;1;0;2;2;3;0;1;1;1;1;0;2;0;3;1;0;0;0;0;0;0;0;1;0;0;0;450;8;4;4;8;10;8;14;15;5;8;14;16;10;10;22;11;15;11;0;12;11;9;12;13;10;12;10;10;8;3;11;5;6;6;5;9;10;9;6;7;17;14;12;11;13;15;18;18;14;14;13;15;11;16;16;21;24;23;16;16;25;13;17;14;7;10;8;12;11;7;6;7;6;8;6;1;4;3;4;0;3;1;1;3;0;3;0;3;1;1;0;0;0;1;0;0;1;0;0;0;881
Daimlerstraße;1;1;1;1;0;0;0;0;0;0;1;0;0;1;1;0;0;0;0;1;1;1;1;2;2;2;6;6;2;5;4;3;4;4;2;3;3;1;6;3;2;1;3;1;1;4;1;5;6;3;1;4;2;6;2;6;4;0;1;2;3;1;1;2;2;0;0;1;1;0;2;0;0;0;1;0;0;1;0;0;1;0;0;0;0;0;0;0;1;0;0;0;0;0;0;0;0;0;0;0;141;1;0;0;1;0;1;2;2;1;0;0;1;0;1;0;0;0;0;0;1;0;0;0;4;1;0;0;2;1;3;3;0;1;0;0;0;0;0;1;0;0;0;0;0;0;0;2;1;1;0;1;0;0;1;1;1;0;2;1;1;1;1;0;0;1;1;1;0;0;1;1;0;0;1;0;0;0;0;0;1;0;0;0;1;0;0;1;0;0;0;0;0;0;0;0;0;0;0;0;0;50;2;1;1;2;0;1;2;2;1;0;1;1;0;2;1;0;0;0;0;2;1;1;1;6;3;2;6;8;3;8;7;3;5;4;2;3;3;1;7;3;2;1;3;1;1;4;3;6;7;3;2;4;2;7;3;7;4;2;2;3;4;2;1;2;3;1;1;1;1;1;3;0;0;1;1;0;0;1;0;1;1;0;0;1;0;0;1;0;1;0;0;0;0;0;0;0;0;0;0;0;191
Riedhof;0;0;0;0;0;0;0;0;0;0;0;0;0;0;0;0;0;0;0;2;1;5;6;1;2;3;3;2;2;3;1;1;0;3;1;2;1;4;3;2;2;2;2;5;4;3;3;3;2;1;5;3;3;0;2;4;0;1;1;0;3;1;1;0;0;0;1;0;0;0;0;0;0;0;0;0;0;1;0;0;0;0;0;0;0;0;0;0;0;0;0;0;0;0;0;0;0;0;0;0;101;0;0;0;0;0;0;0;0;0;0;0;0;0;0;0;0;0;0;0;0;1;0;1;2;1;0;1;1;0;0;0;2;0;0;0;1;0;3;1;0;1;0;1;0;1;2;2;0;0;1;1;0;1;1;1;0;0;0;0;0;0;0;0;0;0;0;1;0;0;0;0;0;0;0;0;0;0;0;0;0;0;0;0;0;0;0;0;0;0;0;0;0;0;0;0;0;0;0;0;0;27;0;0;0;0;0;0;0;0;0;0;0;0;0;0;0;0;0;0;0;2;2;5;7;3;3;3;4;3;2;3;1;3;0;3;1;3;1;7;4;2;3;2;3;5;5;5;5;3;2;2;6;3;4;1;3;4;0;1;1;0;3;1;1;0;0;0;2;0;0;0;0;0;0;0;0;0;0;1;0;0;0;0;0;0;0;0;0;0;0;0;0;0;0;0;0;0;0;0;0;0;128
Jungingen;14;18;18;22;29;10;27;26;26;28;32;18;27;27;26;27;18;22;15;19;14;16;19;15;30;23;25;20;24;17;19;18;19;14;20;26;26;25;30;30;28;20;21;35;22;31;27;34;22;16;23;35;27;35;33;24;29;39;23;23;27;24;20;22;16;19;13;17;21;24;12;11;23;21;11;11;12;16;10;8;17;11;13;15;20;10;8;9;6;1;4;2;2;0;1;0;0;0;0;0;1883;16;21;15;23;27;19;27;19;26;14;20;23;21;21;19;26;33;18;25;20;10;17;14;19;21;22;17;18;18;19;19;24;17;23;29;15;14;16;23;27;19;27;41;33;26;32;27;27;24;24;18;24;27;33;33;24;20;21;25;26;25;27;30;17;18;18;24;30;26;21;19;13;18;17;19;21;7;12;11;12;23;21;16;14;5;12;9;13;7;4;3;3;1;4;4;2;1;2;0;0;1875;30;39;33;45;56;29;54;45;52;42;52;41;48;48;45;53;51;40;40;39;24;33;33;34;51;45;42;38;42;36;38;42;36;37;49;41;40;41;53;57;47;47;62;68;48;63;54;61;46;40;41;59;54;68;66;48;49;60;48;49;52;51;50;39;34;37;37;47;47;45;31;24;41;38;30;32;19;28;21;20;40;32;29;29;25;22;17;22;13;5;7;5;3;4;5;2;1;2;0;0;3758
Unterweiler;2;7;4;8;9;12;5;7;7;8;8;6;4;11;14;7;12;10;10;5;16;2;2;7;10;6;6;9;6;4;5;6;4;7;4;4;8;8;5;10;10;4;8;9;11;16;5;16;11;14;7;8;12;9;14;10;9;16;11;9;11;16;4;2;6;5;12;7;8;4;7;8;6;7;12;8;3;7;3;5;3;8;6;6;2;4;4;0;3;1;0;1;0;1;0;1;0;0;0;0;675;2;7;10;7;4;2;3;7;7;7;11;3;7;7;8;8;11;14;7;10;9;5;10;5;3;5;4;7;3;2;7;5;5;4;7;8;6;12;9;8;7;14;5;14;9;11;10;6;5;15;5;11;12;9;13;8;15;7;6;7;8;6;9;5;10;11;10;13;4;6;5;8;6;9;8;10;5;8;5;6;8;7;5;7;3;2;2;5;4;0;3;0;2;1;0;1;0;0;0;0;657;4;14;14;15;13;14;8;14;14;15;19;9;11;18;22;15;23;24;17;15;25;7;12;12;13;11;10;16;9;6;12;11;9;11;11;12;14;20;14;18;17;18;13;23;20;27;15;22;16;29;12;19;24;18;27;18;24;23;17;16;19;22;13;7;16;16;22;20;12;10;12;16;12;16;20;18;8;15;8;11;11;15;11;13;5;6;6;5;7;1;3;1;2;2;0;2;0;0;0;0;1332
Mähringen;4;5;4;1;12;10;5;6;10;4;12;7;9;8;10;10;12;9;7;15;10;10;15;11;10;9;15;11;13;13;7;12;10;8;9;8;7;9;9;11;3;13;10;9;11;8;9;7;6;12;15;5;13;11;7;9;15;11;12;6;9;10;5;12;5;2;6;6;7;2;5;4;3;4;6;5;9;1;3;7;7;3;5;6;3;3;4;2;2;3;0;0;0;0;0;0;0;0;1;0;709;3;8;6;4;7;4;6;10;6;11;10;6;8;7;7;6;8;7;6;11;12;10;10;9;12;8;9;15;3;5;6;4;4;11;8;11;8;8;11;10;8;14;6;12;6;12;9;9;10;9;8;10;9;11;11;8;5;8;10;5;12;4;10;8;6;13;4;5;8;1;6;5;2;8;7;9;4;10;3;8;3;6;3;3;6;6;2;3;5;2;2;1;0;0;0;0;1;0;0;0;671;7;13;10;5;19;14;11;16;16;15;22;13;17;15;17;16;20;16;13;26;22;20;25;20;22;17;24;26;16;18;13;16;14;19;17;19;15;17;20;21;11;27;16;21;17;20;18;16;16;21;23;15;22;22;18;17;20;19;22;11;21;14;15;20;11;15;10;11;15;3;11;9;5;12;13;14;13;11;6;15;10;9;8;9;9;9;6;5;7;5;2;1;0;0;0;0;1;0;1;0;1380
Eggingen;1;7;3;8;13;8;11;9;6;5;11;4;8;12;7;7;14;10;10;12;7;18;5;12;11;7;5;9;15;10;7;11;7;9;12;10;10;12;8;11;12;9;12;2;4;9;6;12;7;12;11;11;13;14;16;10;8;10;18;7;15;9;16;12;8;10;8;10;7;12;3;10;9;8;8;4;5;2;2;5;4;3;2;6;5;7;2;3;0;0;2;1;0;1;0;2;0;1;0;0;767;4;5;14;6;4;3;6;7;6;5;9;12;6;13;4;7;2;11;6;10;8;7;7;6;9;10;7;12;10;7;10;8;10;9;11;8;13;5;9;10;7;9;17;9;10;11;9;10;10;9;15;13;12;15;11;14;10;5;15;11;14;6;11;15;9;15;6;11;8;10;9;5;10;3;3;12;6;7;5;2;2;3;3;6;6;5;3;3;3;0;5;1;4;1;2;0;0;0;0;0;752;5;12;17;14;17;11;17;16;12;10;20;16;14;25;11;14;16;21;16;22;15;25;12;18;20;17;12;21;25;17;17;19;17;18;23;18;23;17;17;21;19;18;29;11;14;20;15;22;17;21;26;24;25;29;27;24;18;15;33;18;29;15;27;27;17;25;14;21;15;22;12;15;19;11;11;16;11;9;7;7;6;6;5;12;11;12;5;6;3;0;7;2;4;2;2;2;0;1;0;0;1519
Ermingen;7;6;3;4;5;6;5;8;3;8;4;5;8;4;4;11;9;3;3;8;5;9;9;9;12;6;6;11;9;2;8;10;7;14;4;5;5;9;6;7;4;6;9;6;4;4;7;11;14;7;10;11;9;10;10;14;12;8;6;12;7;18;10;10;5;9;12;4;10;7;11;7;0;10;8;8;4;5;5;6;8;7;7;5;6;4;5;1;3;0;2;0;1;1;0;0;0;0;0;0;647;3;9;10;5;7;4;6;3;3;8;0;7;4;2;6;8;7;7;10;7;7;2;8;4;4;2;6;9;6;4;4;5;8;11;10;5;11;2;7;3;5;8;7;7;5;7;8;4;8;13;11;3;11;8;12;6;8;14;11;14;11;6;13;12;8;4;5;10;6;5;10;6;3;7;9;7;4;3;3;10;7;2;10;8;6;8;7;1;2;3;3;2;1;0;0;0;0;0;0;0;606;10;15;13;9;12;10;11;11;6;16;4;12;12;6;10;19;16;10;13;15;12;11;17;13;16;8;12;20;15;6;12;15;15;25;14;10;16;11;13;10;9;14;16;13;9;11;15;15;22;20;21;14;20;18;22;20;20;22;17;26;18;24;23;22;13;13;17;14;16;12;21;13;3;17;17;15;8;8;8;16;15;9;17;13;12;12;12;2;5;3;5;2;2;1;0;0;0;0;0;0;1253
Donaustetten;0;6;3;14;8;10;9;10;5;4;6;10;10;15;14;12;5;10;11;7;10;10;11;15;6;8;10;12;10;3;6;12;7;9;9;10;8;6;11;11;16;13;14;10;9;13;3;5;7;11;10;9;8;12;9;11;14;14;19;12;14;14;19;7;17;14;9;12;10;11;7;6;5;6;6;2;5;7;4;9;3;1;4;6;5;4;4;2;3;1;1;2;2;1;0;0;0;1;0;0;796;4;9;8;3;5;6;9;12;15;9;10;6;10;9;5;6;7;10;12;8;3;10;8;6;7;8;12;13;8;6;8;11;5;9;11;10;9;8;10;9;10;13;11;22;8;10;7;6;7;11;8;11;9;13;7;18;10;17;10;10;15;12;12;32;8;10;5;16;11;4;10;7;7;12;8;7;2;6;5;7;1;7;6;2;6;5;6;3;1;3;2;4;0;2;1;0;0;0;0;0;797;4;15;11;17;13;16;18;22;20;13;16;16;20;24;19;18;12;20;23;15;13;20;19;21;13;16;22;25;18;9;14;23;12;18;20;20;17;14;21;20;26;26;25;32;17;23;10;11;14;22;18;20;17;25;16;29;24;31;29;22;29;26;31;39;25;24;14;28;21;15;17;13;12;18;14;9;7;13;9;16;4;8;10;8;11;9;10;5;4;4;3;6;2;3;1;0;0;1;0;0;1593
Gögglingen;6;16;14;17;11;14;19;10;12;13;10;12;13;11;11;12;12;11;8;11;14;8;12;13;10;23;11;16;8;13;10;22;16;14;16;17;10;14;20;18;11;26;20;15;17;14;11;17;15;18;18;25;22;23;11;20;23;13;18;23;32;18;22;19;10;21;27;17;21;19;18;24;17;19;23;18;19;7;9;7;15;8;11;16;6;7;6;6;2;2;2;1;2;0;1;0;0;0;0;0;1340;9;8;13;13;10;14;13;14;15;13;12;8;14;14;15;17;6;17;16;7;5;11;10;11;4;15;12;7;15;17;14;15;15;12;13;13;13;12;25;16;15;15;20;13;16;19;14;10;17;17;22;17;28;14;20;20;24;19;27;19;21;19;29;20;19;33;30;17;22;21;21;23;21;18;16;18;14;10;5;12;11;11;7;11;12;9;7;7;4;5;4;2;2;2;1;1;3;0;0;0;1357;15;24;27;30;21;28;32;24;27;26;22;20;27;25;26;29;18;28;24;18;19;19;22;24;14;38;23;23;23;30;24;37;31;26;29;30;23;26;45;34;26;41;40;28;33;33;25;27;32;35;40;42;50;37;31;40;47;32;45;42;53;37;51;39;29;54;57;34;43;40;39;47;38;37;39;36;33;17;14;19;26;19;18;27;18;16;13;13;6;7;6;3;4;2;2;1;3;0;0;0;2697
Einsingen;8;20;13;8;16;15;12;13;11;18;16;20;11;15;20;15;22;17;12;14;10;15;13;12;13;18;14;20;16;19;12;15;16;16;13;15;23;9;22;17;24;22;20;19;17;14;15;13;22;15;17;15;19;16;19;27;15;29;26;20;29;20;16;21;22;18;17;15;15;18;18;14;16;9;13;13;10;11;6;7;8;14;13;9;7;5;5;4;6;2;1;1;3;2;0;3;0;0;0;0;1379;7;11;7;17;11;23;11;15;16;9;11;14;22;23;14;19;13;12;17;13;6;10;16;16;12;13;12;22;14;13;18;18;18;17;14;26;13;12;18;16;13;26;18;24;19;21;11;23;13;15;18;15;22;13;22;26;20;22;22;20;16;24;23;20;14;21;22;20;18;24;11;14;7;20;23;11;11;5;12;18;13;11;6;9;10;6;5;5;10;1;3;3;3;1;2;1;1;0;0;0;1396;15;31;20;25;27;38;23;28;27;27;27;34;33;38;34;34;35;29;29;27;16;25;29;28;25;31;26;42;30;32;30;33;34;33;27;41;36;21;40;33;37;48;38;43;36;35;26;36;35;30;35;30;41;29;41;53;35;51;48;40;45;44;39;41;36;39;39;35;33;42;29;28;23;29;36;24;21;16;18;25;21;25;19;18;17;11;10;9;16;3;4;4;6;3;2;4;1;0;0;0;2775
Lehr;14;12;13;10;19;11;15;13;19;20;19;8;17;17;19;15;6;11;14;12;18;20;19;13;21;19;20;24;21;20;22;19;19;21;28;29;15;25;16;13;17;27;26;17;20;24;19;14;22;10;17;22;31;14;21;21;19;14;20;22;18;26;22;12;11;11;16;14;17;15;19;16;19;10;14;13;9;10;12;8;14;10;8;6;13;6;6;3;2;4;3;2;1;0;0;0;0;0;0;0;1453;12;10;15;11;20;14;13;18;17;11;13;16;23;9;7;18;16;16;10;21;17;17;19;14;19;16;22;17;15;19;23;23;20;25;24;23;20;23;18;26;12;17;21;23;14;30;13;21;20;20;22;18;31;13;18;18;15;21;21;14;19;22;14;20;20;11;15;19;17;25;20;13;13;14;11;14;10;11;13;11;7;10;11;14;13;8;6;3;8;5;2;1;1;0;1;1;2;0;0;0;1477;26;22;28;21;39;25;28;31;36;31;32;24;40;26;26;33;22;27;24;33;35;37;38;27;40;35;42;41;36;39;45;42;39;46;52;52;35;48;34;39;29;44;47;40;34;54;32;35;42;30;39;40;62;27;39;39;34;35;41;36;37;48;36;32;31;22;31;33;34;40;39;29;32;24;25;27;19;21;25;19;21;20;19;20;26;14;12;6;10;9;5;3;2;0;1;1;2;0;0;0;2930
Gesamt;573;635;630;614;615;630;605;607;587;644;606;596;617;622;604;625;596;593;627;764;779;844;858;981;1141;1142;1160;1251;1215;1156;1175;1208;1120;1155;1086;1022;1003;976;912;902;827;843;850;850;795;824;756;769;783;780;756;787;829;885;910;885;837;931;840;807;846;833;785;727;639;627;621;585;571;523;509;546;481;521;481;430;409;400;295;358;376;382;417;375;386;308;241;219;169;124;81;83;61;49;32;25;19;15;10;9;64588;535;565;605;552;581;568;531;567;578;544;576;578;582;553;543;596;604;586;616;694;835;882;1000;1020;1072;1102;1061;1085;1032;1040;1019;1009;949;991;964;895;856;871;837;801;827;868;907;846;821;827;751;806;783;797;759;769;804;799;861;926;832;855;894;826;822;758;795;812;753;743;722;723;705;699;650;633;558;615;636;593;500;490;372;546;471;476;560;531;491;429;416;361;306;220;176;147;124;105;98;68;67;28;18;38;65688;1108;1200;1235;1166;1196;1198;1136;1174;1165;1188;1182;1174;1199;1175;1147;1221;1200;1179;1243;1458;1614;1726;1858;2001;2213;2244;2221;2336;2247;2196;2194;2217;2069;2146;2050;1917;1859;1847;1749;1703;1654;1711;1757;1696;1616;1651;1507;1575;1566;1577;1515;1556;1633;1684;1771;1811;1669;1786;1734;1633;1668;1591;1580;1539;1392;1370;1343;1308;1276;1222;1159;1179;1039;1136;1117;1023;909;890;667;904;847;858;977;906;877;737;657;580;475;344;257;230;185;154;130;93;86;43;28;47;130276
